id,question,A,B,C,D,ANS,justification,category
1,1 рк╕ркВркЪрк╛рк░ ркорк╛рк╣рк┐ркдрлА рк╡рк┐ркирк┐ркоркп ркХрк░рк╡рк╛ркирлБркВ ркПркХ ___________ рккрлНрк░ркХрлНрк░рк┐ркпрк╛ ркЫрлЗ.,ркПркХ ркорк╛рк░рлНркЧ,ркмрлЗ ркорк╛рк░рлНркЧ,ркдрлНрк░ркг ркорк╛рк░рлНркЧ,ркЪрк╛рк░ ркорк╛рк░рлНркЧ,ркм. ркмрлЗ ркорк╛рк░рлНркЧ,рккрлНрк░рлЗрк╖ркХ ркЕркирлЗ рккрлНрк░рк╛рккрлНркдркХрк░рлНркдрк╛ рк╡ркЪрлНркЪрлЗ рккрлНрк░ркХрлНрк░рк┐ркпрк╛ ркерк╛ркп ркЫрлЗ,
2,рк╕ркВркЪрк╛рк░ рккрлНрк░ркХрлНрк░рк┐ркпрк╛ ркХрлНркпрк╛рк░рлЗ ____________ ркерк╛ркп ркЫрлЗ?,рк╕рлЗркирлНркбрк░,рк░рк┐рк╕рк┐рк╡рк░,рклрк┐ркбркмрлЗркХ,ркЪрлЗркирк▓,ркП. рк╕рлЗркирлНркбрк░,рккрлНрк░рлЗрк╖ркХ рккрлНрк░рк╛рккрлНркдркХрк░рлНркдрк╛ркирлЗ рк╕ркВркжрлЗрк╢ ркорлЛркХрк▓рлАркирлЗ рккрлНрк░ркХрлНрк░рк┐ркпрк╛ рк╢рк░рлВ ркХрк░рлЗ ркЫрлЗ.,
3,рклрк┐ркбркмрлЗркХ рк╢рлБркВ ркЫрлЗ?,рк╕рлЗркирлНркбрк░ркирлЛ рк╕ркВркжрлЗрк╢,рк░рк┐рк╕рк┐рк╡рк░ркирлЛ рккрлНрк░ркдрк┐рк╕рк╛ркж,ркПркирлНркХрлЛркбрк┐ркВркЧ,ркбрлАркХрлЛркбрк┐ркВркЧ,ркм. рк░рк┐рк╕рк┐рк╡рк░ркирлЛ рккрлНрк░ркдрк┐рк╕рк╛ркж,рккрлНрк░рк╛рккрлНркдркХрк░рлНркдрк╛ ркжрлНрк╡рк╛рк░рк╛ рккрлНрк░ркдрк┐рк╕рк╛ркж рккрлНрк░ркдрк┐рк╕рк╛ркж ркдрк░рлАркХрлЗ ркУрк│ркЦрк╛ркп ркЫрлЗ.,
4,рк╕рлЗркирлНркбрк░ рккркг ркХрлНркпрк╛рк░рлЗ __________ ркУрк│ркЦрк╛ркп ркЫрлЗ?,рк░рк┐рк╕рк┐рк╡рк░,рклрк┐ркбркмрлЗркХ,ркПркирлНркХрлЛркбрк░,ркбрлАркХрлЛркбрк░,рк╕рлА. ркПркирлНркХрлЛркбрк░,"рккрлНрк░рлЗрк╖ркХ рк╡рк┐ркЪрк╛рк░ркирлЗ ркПркирлНркХрлЛркб ркХрк░рлЗ ркЫрлЗ ркЕркирлЗ рк╕ркВркжрлЗрк╢ ркдрлИркпрк╛рк░ ркХрк░рлЗ ркЫрлЗ, ркЬрлЗркирлЗ ркПркирлНркХрлЛркбрк░ ркдрк░рлАркХрлЗ ркУрк│ркЦрк╡рк╛ркорк╛ркВ ркЖрк╡рлЗ ркЫрлЗ.",
5,ркУрк│ркЦрк╛ркп ркЫрлЗ ркХрлЛркг?,рк╕рлЗркирлНркбрк░,рк░рк┐рк╕рк┐рк╡рк░,рклрк┐ркбркмрлЗркХ,рк╕ркВркжрлЗрк╢,ркм. рк░рк┐рк╕рк┐рк╡рк░,рккрлНрк░рк╛рккрлНркдркХрк░рлНркдрк╛ рк╕ркВркжрлЗрк╢ рккрлНрк░рк╛рккрлНркд ркХрк░рлЗ ркЫрлЗ ркЕркирлЗ ркдрлЗркирлЗ ркбрлАркХрлЛркб ркХрк░рлЗ ркЫрлЗ.,
6,ркорк╛ркирк╡ ркмркВркирлЗ ркЕркирлЗ рккрк╢рлБркУ рк╡ркЪрлНркЪрлЗркирлБркВ рк╕ркВрккрк░рлНркХ рк╢рлБркВ ркЫрлЗ?,ркЕркВркдрк░рк╡рлНркпркХрлНркдрк┐ркЧркд,ркЕркВркдрк░ркирлЛ рк╕ркВрккрк░рлНркХ,рк╕ркВркЧркаркирк╛ркдрлНркоркХ,ркмрк╣рк┐рк░рлНрк╡рлНркпркХрлНркдрк┐ркЧркд,ркбрлА. ркмрк╣рк┐рк░рлНрк╡рлНркпркХрлНркдрк┐ркЧркд,"ркЬрлНркпрк╛рк░рлЗ ркдркорлЗ ркмрк┐рк▓рк╛ркбрлА рккрк╛рк│рлЗ ркЫрлЗ, ркЕркирлЗ ркдрлЗ рккрлНрк░ркдрк┐ркнрк╛рк╡ ркЖрккрлЗ ркЫрлЗ, ркдрлНркпрк╛рк░рлЗ ркдрлЗ ркПркХрлНрк╕рлНркЯрлНрк░рк╛-рк╡рлНркпркХрлНркдрк┐ркЧркд рк╕ркВркЪрк╛рк░ркирлБркВ ркЙркжрк╛рк╣рк░ркг ркЫрлЗ.",
7,"ркпркжрк┐ ркПркХ рк╡рлНркпркХрлНркдрк┐ ркЖрккркгрлБркВ ркнрк╡рк┐рк╖рлНркп рк╡рк┐рк╢рлЗ рк╡рк┐ркЪрк╛рк░рлЗ ркЫрлЗ, ркдрлЛ ркдрлЗркирлЛ ркЙркжрк╛рк╣рк░ркг ркЫрлЗ?",ркЕркВркдрк░рк╡рлНркпркХрлНркдрк┐ркЧркд,ркЕркВркдрк░ркирлЛ рк╕ркВрккрк░рлНркХ,ркмрк╣рк┐рк░рлНрк╡рлНркпркХрлНркдрк┐ркЧркд,ркмрк╣рк┐рк░рлНрк╡рлНркпркХрлНркдрк┐ркЧркд,ркП. ркЕркВркдрк░рк╡рлНркпркХрлНркдрк┐ркЧркд,ркЖркВркдрк░рк╡рлНркпркХрлНркдрк┐ркдрлНрк╡ рк╕ркВркЪрк╛рк░ рк╡рлНркпркХрлНркдрк┐ркирлА ркЕркВркжрк░ ркерк╛ркп ркЫрлЗ.,
8,ркЬрк╛рк╣рлЗрк░рк╛ркдрлЛ ркЙркжрк╛рк╣рк░ркг ркЫрлЗ?,ркмрк╣рк┐рк░рлНркорлБркЦрлА,ркЕркВркдрк░рлНркорлБркЦрлА,рк╕ркВркЧркаркирк╛ркдрлНркоркХ,рк╕ркорлВрк╣,рк╕рлА. рк╕ркорлВрк╣,"ркорк╛рк╕ ркХрлЛркорлНркпрлБркирк┐ркХрлЗрк╢ркиркорк╛ркВ, рк╡рлНркпркХрлНркдрк┐ рк▓рлЛркХрлЛркирк╛ рк╡рк┐рк╢рк╛рк│ рк╕ркорлВрк╣ рк╕рк╛ркерлЗ рк╡рк╛ркдркЪрлАркд ркХрк░рлЗ ркЫрлЗ.",
9,"ркЬрлНркпрк╛рк░рлЗ ркорлЗркирлЗркЬрк░ ркЖрккркирк╛ ркХрк░рлНркоркЪрк╛рк░рлАркирлЗ рк╕рлНркЯрлЛркХ рк╕рлНркЯрлЙркХ ркХрк░рк╡рк╛ ркорк╛ркВркЧрлЗ ркЫрлЗ, ркдрлЗ рк╕ркВркЪрк╛рк░ркирлБркВ ркЙркжрк╛рк╣рк░ркг ркЫрлЗ?",ркЙрккрк╡рк╛рки,рк╣рлЛрк░рк┐ркЭрлЛркирлНркЯрк▓,ркирлАркЪрлЗ,ркХрлНрк░рлЛрк╕рк╡рк╛ркЗркЭ,рк╕рлА. ркирлАркЪрлЗ,рк╡рк░рк┐рк╖рлНркаркерлА ркЬрлБркирк┐ркпрк░ рк╕рлБркзрлАркирк╛ рк╕ркВркЪрк╛рк░ркирлЗ ркбрк╛ркЙркирк╡рк░рлНркб ркХрлЛркорлНркпрлБркирк┐ркХрлЗрк╢рки ркдрк░рлАркХрлЗ ркУрк│ркЦрк╡рк╛ркорк╛ркВ ркЖрк╡рлЗ ркЫрлЗ.,
10,"ркЬрлЗркирлЛ ркЙрккрк░рк╛ркВркдрк░ркг ркПркХ ркЬрлВркирлЛ рк╡рлНркпркХрлНркдрк┐ ркдрлЗркирк╛ ркорлБркЦрлНркп рк╡рлНркпркХрлНркдрк┐ркирлЗ рккрк╣рлЛркВркЪрк╛ркбрлЗ ркЫрлЗ, ркдрлЗ рк╕ркВркЪрк╛рк░ркирлБркВ ркЙркжрк╛рк╣рк░ркг ркЫрлЗ?",ркЙрккрк╡рк╛рки,рк╣рлЛрк░рк┐ркЭрлЛркирлНркЯрк▓,ркирлАркЪрлЗ,ркХрлНрк░рлЛрк╕рк╡рк╛ркЗркЭ,ркП. ркЙрккрк╡рк╛рки,"ркЬрлЛ ркХрлЛркИ рк╡рк┐ркжрлНркпрк╛рк░рлНркерлА ркдрлЗркирк╛ рккрлНрк░рлЛрклрлЗрк╕рк░ркирлЗ рк░ркЬрк╛ ркорк╛ркЯрлЗ ркЕрк░ркЬрлА рк╕ркмркорк┐ркЯ ркХрк░рлЗ ркЫрлЗ, ркдрлЛ ркдрлЗ ркЕрккрк╡рк░рлНркб ркХркорлНркпрлБркирк┐ркХрлЗрк╢ркиркирлБркВ ркЙркжрк╛рк╣рк░ркг ркЫрлЗ.",
11,"ркЕрк╕рк╛ркорк╛ркЬрк┐ркХ рк╕ркВркЪрк╛рк░ркорк╛ркВ, ркЬрлЛ ркорк╛рк╣рк┐ркдрлА ркмркзрлА ркжрк┐рк╢рк╛ркорк╛ркВ рккрлНрк░рк╡рк╣рк╛ркп ркЫрлЗ, ркдрлЛ ркдрлЗ ркХрк╣рлЗрк╡рк╛ркп ркЫрлЗ?",ркЙрккрк╡рк╛рки,ркЧрлНрк░рлЗрккрк╡рк╛ркЗрки,ркирлАркЪрлЗ,ркХрлНрк░рлЛрк╕рк╡рк╛ркЗркЭ,ркм. ркЧрлНрк░рлЗрккрк╡рк╛ркЗрки,"ркЕрклрк╡рк╛ркУ ркЖ рк░рлАркдрлЗ рклрлЗрк▓рк╛ркп ркЫрлЗ, ркЭрк┐ркЧркЭрлЗркЧ рк░рлАркдрлЗ.",
12,_________ рк╕ркВркЪрк╛рк░ ркХрлЛркИрккркг ркЕркирлЗ ркмркзрлА ркжрк┐рк╢рк╛ркУркорк╛ркВ рккрлНрк░рк╡рк╣рк╛ркп рк╢ркХрлЗ ркЫрлЗ.,ркЙрккрк╡рк╛рки,ркирлАркЪрлЗ,ркХрлНрк░рлЛрк╕рк╡рк╛ркЗркЭ,рк╣рлЛрк░рк┐ркЭрлЛркирлНркЯрк▓,рк╕рлА. ркХрлНрк░рлЛрк╕рк╡рк╛ркЗркЭ,"ркЙркжрк╛рк╣рк░ркг ркдрк░рлАркХрлЗ, рк╡рк░рк┐рк╖рлНрка ркЕркирлЗ ркЬрлБркирк┐ркпрк░рлНрк╕ркирлА ркорлАркЯрк┐ркВркЧркорк╛ркВ, ркмркзрк╛ ркПркХ ркмрлАркЬрк╛ рк╕рк╛ркерлЗ рк╡рк╛ркдркЪрлАркд ркХрк░рлЗ ркЫрлЗ.",
13,ркЬрлЗркУ ркПркХ ркЬ рк╢рлНрк░рлЗркгрлАркирк╛ рк▓рлЛркХрлЛ рк╡ркЪрлНркЪрлЗ ркерк╛ркп ркдрлЗркирлЗ рк╢рлБркВ ркХрк╣рлЗрк╡рк╛ркп ркЫрлЗ?,ркЙрккрк╡рк╛рки,ркирлАркЪрлЗ,ркХрлНрк░рлЛрк╕рк╡рк╛ркЗркЭ,рк╣рлЛрк░рк┐ркЭрлЛркирлНркЯрк▓,ркбрлА. рк╣рлЛрк░рк┐ркЭрлЛркирлНркЯрк▓,"ркЙркжрк╛рк╣рк░ркг ркдрк░рлАркХрлЗ, рк╡рк░рлНркЧркорк╛ркВ ркмркзрк╛ рк╡рк┐ркжрлНркпрк╛рк░рлНркерлАркУ ркПркХркмрлАркЬрк╛ рк╕рк╛ркерлЗ рк╡рк╛ркд ркХрк░рлЗ ркЫрлЗ.",
14,рк╕рлЗркирлНркбрк░ ркорк╛ркЯрлЗ рк╕ркВркжрлЗрк╢ ркдрлИркпрк╛рк░ ркХрк░рлЗ ркЫрлЗ ркЕркирлЗ ркжрк░рлЗркХ ркЕркХрлНрк╖рк░рлЛ рккрлНрк░рк╛рккрлНркд ркХрк░рк╡рк╛ ркЕркирлЗ ркдрлЗркУркирлЗ ркПркХ рк╡рк╛ркХрлНркп,ркПркирлНркХрлЛркбрк┐ркВркЧ,ркбрлАркХрлЛркбрк┐ркВркЧ,ркирлЛркЗркЭ,ркпрк╛ркж рк░рк╛ркЦрк╡рк╛ркирлБркВ,ркП. ркПркирлНркХрлЛркбрк┐ркВркЧ,ркПркирлНркХрлЛркбрк┐ркВркЧркирлЛ ркЕрк░рлНрке ркЫрлЗ ркпрлЛркЧрлНркп рк╢ркмрлНркжрлЛ рк╢рлЛркзрк╡рк╛ркирлА ркЕркирлЗ рк╡рк╛ркХрлНркп ркмркирк╛рк╡рк╡рк╛ ркорк╛ркЯрлЗ ркдрлЗркоркирлЗ ркЧрлЛркарк╡рк╡рк╛ркирлА рккрлНрк░ркХрлНрк░рк┐ркпрк╛.,
15,рк╕ркВркжрлЗрк╢ ркЫрлЗ__________.,рк╡рк┐ркЪрк╛рк░,рклрк┐ркбркмрлЗркХ,ркирлЛркЗркЭ,ркПркирлНркХрлЛркбрлЗркб рк╡рк┐ркЪрк╛рк░,ркбрлА. ркПркирлНркХрлЛркбрлЗркб рк╡рк┐ркЪрк╛рк░,"ркЬрлНркпрк╛рк░рлЗ рк╡рк┐ркЪрк╛рк░ркирлЗ ркнрк╛рк╖рк╛ркорк╛ркВ ркЕркерк╡рк╛ ркХрлЛркИрккркг ркХрлЛркбркорк╛ркВ рк╕рлНркерк╛ркирк╛ркВркдрк░рк┐ркд ркХрк░рк╡рк╛ркорк╛ркВ ркЖрк╡рлЗ ркЫрлЗ, ркдрлНркпрк╛рк░рлЗ ркдрлЗ рк╕ркВркжрлЗрк╢ ркмркирлА ркЬрк╛ркп ркЫрлЗ.",
16,"ркЬрлНркпрк╛рк░рлЗ рк░рк┐рк╕рк┐рк╡рк░ рк╕ркВркжрлЗрк╢ ркбрлАркХрлЛркб ркХрк░рлЗ ркЫрлЗ, ркдрлЗ рккрлНрк░рк╛рккрлНркд ркХрк░рлЗ ркЫрлЗ ркХрлЗ ___________.",рк╡рк┐ркЪрк╛рк░,рклрк┐ркбркмрлЗркХ,ркирлЛркЗркЭ,ркПркирлНркХрлЛркбрлЗркб рк╡рк┐ркЪрк╛рк░,ркП. рк╡рк┐ркЪрк╛рк░,ркбрлАркХрлЛркбрк┐ркВркЧ ркП рк╕ркВркжрлЗрк╢ркорк╛ркВ ркЫрлБрккрк╛ркпрлЗрк▓рк╛ рк╡рк┐ркЪрк╛рк░ркирлЗ рк╕ркоркЬрк╡рк╛ ркорк╛ркЯрлЗркирлА рккрлНрк░ркХрлНрк░рк┐ркпрк╛ ркЫрлЗ.,
17,ркПркирлНркХрлЛркбрлЗркб рк╡рк┐ркЪрк╛рк░ ркЕркирлЗ ркбрлАркХрлЛркбрлЗркб рк╡рк┐ркЪрк╛рк░ ____________ рк╣рлЛркИ рк╢ркХрлЗ ркЫрлЗ.,ркЕркорк╛рк░рлНркЧрлЗ ркЫрлЗ,ркЕрк╡рк╢рлНркп ркЫрлЗ,ркЫрлЗ,ркХрлНркпрк╛рк░рлЗркп ркирк╣рк┐,ркП. ркЕркорк╛рк░рлНркЧрлЗ ркЫрлЗ,"рккрлНрк░рк╛рккрлНркдркХрк░рлНркдрк╛ ркХркВркИркХ ркЕрк▓ркЧ рк╕ркоркЬрлА рк╢ркХрлЗ ркЫрлЗ, ркЕркирлЗ ркЖркирлЗ ркЧрлЗрк░рк╕ркоркЬ ркХрк╣рлЗрк╡рк╛ркорк╛ркВ ркЖрк╡рлЗ ркЫрлЗ.",
18,"рклрк┐ркбркмрлЗркХ рккрлНрк░ркХрлНрк░рк┐ркпрк╛ркирлА рккрлНрк░рк╛рк░ркВркнрк┐ркХ рк░рк┐рк╕рк┐рк╡рк░ ркмркирлНркпрлЛ ркЫрлЗ, ркдрлЗ рк╕ркВркжрлЗрк╢ ркорлЛркХрк▓рк╡рк╛ркирлЛ рк╕рк╛рк░рлЛ рк░рк╣рлЗ ркЫрлЗ.",ркбрлАркХрлЛркбрк░,ркЖрк░ркПркХрлНрк╕,рк╕ркВркжрлЗрк╢,рк╕рлЗркирлНркбрк░,ркбрлА. рк╕рлЗркирлНркбрк░,"рккрлНрк░ркдрк┐рк╕рк╛ркжркирлА рккрлНрк░ркХрлНрк░рк┐ркпрк╛ ркорлВрк│ рккрлНрк░рк╛рккрлНркдркХрк░рлНркдрк╛ ркжрлНрк╡рк╛рк░рк╛ рк╢рк░рлВ ркХрк░рк╡рк╛ркорк╛ркВ ркЖрк╡рлЗ ркЫрлЗ, ркдрлЗркерлА рккрлНрк░рк╛рккрлНркдркХрк░рлНркдрк╛ рк╕ркВркжрлЗрк╢ ркорлЛркХрк▓рк╢рлЗ.",
19,рк╕ркВркжрлЗрк╢рлЛ рккрлНрк░ркорк╛ркгрлЗ ркпрлЛркЧрлНркп _________ ркжрлНрк╡рк╛рк░рк╛ рккрлНрк░рлЗрк╖рк┐ркд ркерк╡рлБркВ ркЬрлЛркИркП.,ркЪрлЗркирк▓,рк╡рлНрк╣рлАркХрк▓,рклрк┐ркбркмрлЗркХ,ркЖркИркбрлАркПрк╢рки,ркП. ркЪрлЗркирк▓,ркЪрлЗркирк▓ ркПркЯрк▓рлЗ ркЯрлЗрк▓рк┐рклрлЛрки ркЕркерк╡рк╛ ркорлЗркИрк▓ рк╡ркЧрлЗрк░рлЗ ркЬрлЗркирк╛ ркжрлНрк╡рк╛рк░рк╛ ркЖрккркгрлЗ рк╕ркВркжрлЗрк╢рлЛ рккрлНрк░рк╕рк╛рк░рк┐ркд ркХрк░рлАркП ркЫрлАркП.,
20,рк╕ркВркЪрк╛рк░ ркХркпрк╛ ркжркХрлНрк╖ркдрк╛ркирлБркВ ркнрк╛ркЧ ркЫрлЗ.,ркЫрлЛркЯрк╛,рк╕рлЛрклрлНркЯ,рк╣рк╛рк░рлНркб,ркЯркл,ркм. рк╕рлЛрклрлНркЯ,"ркХрлЛркорлНркпрлБркирк┐ркХрлЗрк╢рки ркПркЯрк▓рлЗ рк╡рк╛ркд ркХрк░рк╡рлА ркХрлЗ рк▓ркЦрк╡рлБркВ, ркЬрлЗ рк╕рлЛрклрлНркЯ рк╕рлНркХрлАрк▓ ркЫрлЗ.",
21,рк╕ркВркЪрк╛рк░ рккрлНрк░ркХрлНрк░рк┐ркпрк╛ ркПркХ рк╕ркВркдрлЛрк╖ркЬркиркХ __________ рк╕рк╛ркерлЗ рк╕ркорк╛рккрлНркд ркерк╛ркп ркЫрлЗ.,ркПркирлНркХрлЛркбрк┐ркВркЧ,ркбрлАркХрлЛркбрк┐ркВркЧ,рклрк┐ркбркмрлЗркХ,рк╕ркВркжрлЗрк╢,рк╕рлА. рклрк┐ркбркмрлЗркХ,"ркЬрлНркпрк╛рк░рлЗ рккрлНрк░рлЗрк╖ркХркирлЗ ркЦрк╛ркдрк░рлА ркерк╛ркп ркЫрлЗ ркХрлЗ рккрлНрк░рк╛рккрлНркдркХрк░рлНркдрк╛ ркжрлНрк╡рк╛рк░рк╛ ркорлВрк│ рк╡рк┐ркЪрк╛рк░ ркпрлЛркЧрлНркп рк░рлАркдрлЗ рк╕ркоркЬрк╛ркп ркЫрлЗ, ркдрлНркпрк╛рк░рлЗ рккрлНрк░ркХрлНрк░рк┐ркпрк╛ рк╕ркорк╛рккрлНркд ркерк╛ркп ркЫрлЗ.",
22,ркЬрлЛ рк╕рлЗркирлНркбрк░ рк╕рк╛ркдрк╛ рклрлАркбркмрлЗркХ рк╕рк╛рк░рлА ркиркерлА ркорк│рлА ркдрлЛ ркдрлЗ рклрк░рлАркерлА _________ рк╡рк╛ркХрлНркп ркмркирк╛рк╡рк╡рк╛ркирлЛ ркЙрккркпрлЛркЧ ркХрк░рлЗрк╢рлЗ.,ркбрлАркХрлЛркб,ркПркирлНркХрлЛркб,рк░рк┐рк╕рлАрк╡,ркЖркИркбрк┐ркпрк╛,ркП. ркПркирлНркХрлЛркб,ркПркирлНркХрлЛркб ркПркЯрк▓рлЗ рк╕ркВркжрлЗрк╢ркирлА ркдрлИркпрк╛рк░рлА.,
23,ркЙрккрк╡рк╛рки рк╕ркВркЪрк╛рк░ркорк╛ркВ рк╡рк┐рккрк░рлАркд ркХркпрлЛ ркЫрлЗ?,рк╣рлЛрк░рк┐ркЭрлЛркирлНркЯрк▓,ркЧрлНрк░рлЗрккрк╡рк╛ркЗрки,ркХрлНрк░рлЛрк╕рк╡рк╛ркЗркЭ,ркирлАркЪрлЗ,ркбрлА. ркирлАркЪрлЗ,"ркЬрлНркпрк╛рк░рлЗ ркХрлЛркИ рк╡рк░рк┐рк╖рлНрка ркХрлЛркИ ркЬрлБркирк┐ркпрк░ рк╕рк╛ркерлЗ рк╡рк╛ркдркЪрлАркд ркХрк░рлЗ ркЫрлЗ, ркдрлНркпрк╛рк░рлЗ ркдрлЗ ркбрк╛ркЙркирк╡рк░рлНркб ркЫрлЗ, ркЬрлЗ ркЕрккрк╡рк░рлНркб ркХрлЛркорлНркпрлБркирк┐ркХрлЗрк╢ркиркирлА рк╡рк┐рк░рлБркжрлНркз ркЫрлЗ.",
24,ркЧрлНрк░рлЗрккрк╡рк╛ркЗрки рк╕ркВркЪрк╛рк░ ркПркХ ___________ рк╕ркВркЪрк╛рк░ ркЫрлЗ.,ркЕрк╕рк╛ркорк╛ркЬрк┐ркХ,рк╕рк╛ркорк╛ркЬрк┐ркХ,рк╕ркВркЧркаркирк╛ркдрлНркоркХ,ркЙрккрк╡рк╛рки,ркП. ркЕрк╕рк╛ркорк╛ркЬрк┐ркХ,"ркЕркирлМрккркЪрк╛рк░рк┐ркХ рк░рлАркдрлЗ, ркжрлНрк░рк╛ркХрлНрк╖ ркмркзрлА ркжрк┐рк╢рк╛ркорк╛ркВ рклрлЗрк▓рк╛ркп ркЫрлЗ.",
25,рк░рлВркорк░рлНрк╕ _______________ рк╕ркВркЪрк╛рк░ ркжрлНрк╡рк╛рк░рк╛ рклрлЗрк▓рк╛рк╡рк╛ркорк╛ркВ ркЖрк╡рлЗ ркЫрлЗ.,ркЙрккрк╡рк╛рки,ркирлАркЪрлЗ,ркЧрлНрк░рлЗрккрк╡рк╛ркЗрки,ркХрлНрк░рлЛрк╕рк╡рк╛ркЗркЭ,рк╕рлА. ркЧрлНрк░рлЗрккрк╡рк╛ркЗрки,"ркжрлНрк░рк╛ркХрлНрк╖ркирлА рк╡рлЗрк▓ ркмркзрлА ркжрк┐рк╢рк╛ркорк╛ркВ рк╡рк╣рлЗ ркЫрлЗ, ркдрлЗркерлА ркХрлЛркИрккркг ркЕркирлНркп ркХрлЛркИркирлА рк╕рк╛ркерлЗ рк╡рк╛ркд ркХрк░рлЗ ркЫрлЗ, ркжрк░рлЗркХ ркорлВрк│ рк╡рк┐ркЪрк╛рк░ркорк╛ркВ ркХркВркИркХ ркЙркорлЗрк░рлЗ ркЫрлЗ.",
26,ркЧрлИрк░-ркорлМркЦрк┐ркХ рк╕ркВркЪрк╛рк░ркорк╛ркВ ркХрлЗркЯрк▓рк╛ рккрлНрк░ркХрк╛рк░ркирк╛ ркЕркВркЧрлЛ ркЫрлЗ?,2,5,4,7,ркм. 5,"ркмрк┐рки-ркорлМркЦрк┐ркХ рк╕ркВркжрлЗрк╢рк╛рк╡рлНркпрк╡рк╣рк╛рк░ркорк╛ркВ 5 ркШркЯркХрлЛ ркЫрлЗ, ркХрк┐ркирлЗрк╕рк┐рк╕, рккрлНрк░рлЛркХрлНрк╕рк┐ркорк┐ркХрлНрк╕, ркХрлНрк░рлЛркиркорк┐ркХрлНрк╕, рккрлЗрк░рк╛рк▓рлЗркВркЧрлНрк╡рлЗркЬ, ркжрлЗркЦрк╛рк╡.",
27,ркУрк░рк▓ рк╕ркВркЪрк╛рк░ ркХркпрк╛ рккрлНрк░ркХрк╛рк░ркирлБркВ рк╕ркВркЪрк╛рк░ркирлБркВ ркнрк╛ркЧ ркЫрлЗ?,ркорлМркЦрк┐ркХ рк╕ркВркЪрк╛рк░,ркЧрлИрк░-ркорлМркЦрк┐ркХ рк╕ркВркЪрк╛рк░,ркжрлНрк░рк╢рлНркп рк╕ркВркЪрк╛рк░,ркХрк┐ркирлЗрк╕рк┐рк╕,ркП. ркорлМркЦрк┐ркХ рк╕ркВркЪрк╛рк░,ркорлМркЦрк┐ркХ рк╡рк╛ркдркЪрлАркдркорк╛ркВ рк╡ркХрлНркдрк╛ рк╢ркмрлНркжрлЛркирлЛ ркЙрккркпрлЛркЧ ркХрк░рлЗ ркЫрлЗ.,
28,ркирлЛрки-рк╡рк░рлНркмрк▓ рк╕ркВркЪрк╛рк░ркирлБркВ ркЕркВркЧрлЛ ркЫрлЗ?,ркХрк┐ркирлЗрк╕рк┐рк╕,рккрлНрк░рлЛркХрлНрк╕рк┐ркорк┐ркХрлНрк╕,ркХрлНрк░рлЛркирлЗркорк┐ркХрлНрк╕,рккрлЗрк░рк╛рк▓рлЗркирлНркЧрлНрк╡рлЗркЬ,рк╕рлА. ркХрлНрк░рлЛркирлЗркорк┐ркХрлНрк╕,"ркХрк╛ркЗркирлЗрк╕рк┐рк╕, рккрлНрк░рлЛркХрлНрк╕рлЗркорк┐ркХрлНрк╕, ркХрлНрк░рлЛркирлЗркорк┐ркХрлНрк╕, рккрлЗрк░рк╛рк▓рлЗркВркЧрлНрк╡рлЗркЬ ркЕркирлЗ ркПрккрк┐рк░рк┐ркпркирлНрк╕ ркмрк┐рки-ркорлМркЦрк┐ркХ рк╕ркВркЪрк╛рк░ркирк╛ рккрк╛ркВркЪ ркШркЯркХрлЛ ркЫрлЗ.",
29,рккрлНрк░рлЛркХрлНрк╕рк┐ркорк┐ркХрлНрк╕ ркирлЛ ркоркдрк▓ркм ркЫрлЗ?,ркзрлНрк╡ркирк┐,ркжрлВрк░ркдрк╛,ркЖркВркЦрлЛркирлЛ рк╕ркВрккрк░рлНркХ,рк╕рлНрк╡рк░рк╛ркирлБркВ ркорк╛ркк,ркм. ркжрлВрк░ркдрк╛,рккрлНрк░рлЛркХрлНрк╕рлЗркорк┐ркХрлНрк╕ ркПркЯрк▓рлЗ рк╡ркХрлНркдрк╛ ркЕркирлЗ рк╢рлНрк░рлЛркдрк╛ рк╡ркЪрлНркЪрлЗркирлБркВ ркЕркВркдрк░ ркжрк░рлНрк╢рк╛рк╡ркдрлА ркЕрк╡ркХрк╛рк╢ ркнрк╛рк╖рк╛.,
30,рккрлЗрк░рк╛рк▓рлЗркирлНркЧрлНрк╡рлЗркЬ ркХркпрк╛ ркирлБркВ рк╕ркВрккрк░рлНркХ ркХрк░рлЗ ркЫрлЗ?,ркЖрк╡рк╛ркЬ,ркЯрлЛрки,ркЙркЪрлНркЪрк╛рк░,ркмрлАркЬрлА ркмркзрк╛,ркбрлА. ркмрлАркЬрлА ркмркзрк╛,"рккрлЗрк░рк╛ркнрк╛рк╖рк╛ ркП ркмрк┐рки-ркорлМркЦрк┐ркХ ркШркЯркХрлЛркорк╛ркВркерлА ркПркХ ркЫрлЗ. ркдрлЗ ркЕрк╡рк╛ркЬ, рк╕рлНрк╡рк░, ркЙркЪрлНркЪрк╛рк░, рккрк┐ркЪ ркЕркирлЗ рк╕рлНрк╡рк░рлГркк рккрлЗркЯрк░рлНрки ркЬрлЗрк╡рк╛ ркЕрк╡рк╛ркЬркирк╛ ркЧрлБркгрлЛ рк╕рк╛ркерлЗ рк╡рлНркпрк╡рк╣рк╛рк░ ркХрк░рлЗ ркЫрлЗ.",
31,ркХрк┐ркирлЗрк╕рк┐рк╕ ркХркпрк╛ ркирлБркВ рк╕ркорк╛рк╡рлЗрк╢ ркХрк░рлЗ ркЫрлЗ?,ркЖркВркЦрлЛркирлЛ рк╕ркВрккрк░рлНркХ,рк╣рк╛ркеркирлА ркЪрк╛рк▓рлЛ,ркЪрк╣рлЗрк░рк╛ркирлЛ ркЕркнрк┐рк╡рлНркпркХрлНркдрк┐ркХрк░ркг,ркмрлАркЬрлА ркмркзрк╛,ркбрлА. ркмрлАркЬрлА ркмркзрк╛,ркХрк╛ркЗркирлЗрк╕рк┐рк╕ ркПркЯрк▓рлЗ ркмрлЛркбрлА рк▓рлЗркВркЧрлНрк╡рлЗркЬ.,
32,рк╕рк╛ркорк╛ркЬрк┐ркХ ркЕркВркдрк░ ркЕрк░рлНркерлЗ ркЫрлЗ_________.,18 ркЗркВркЪ рк╕рлБркзрлАркирлА ркжрлВрк░ркдрк╛,5 рклрлАркЯ ркерлА 12 рклрлАркЯ,12 рклрлАркЯ ркерлА 25 рклрлАркЯ,8 ркЗркВркЪ ркерлА 5 рклрлАркЯ,ркм. 5 рклрлАркЯ ркерлА 12 рклрлАркЯ,ркЖ рк╡рлНркпркХрлНркдрк┐ркЧркд рк╕рлНрккрлЗрк╕ркирлЛ рк╕ркВркжрк░рлНркн ркЖрккрлЗ ркЫрлЗ ркЬрлЗ рк╡рлНркпркХрлНркдрк┐ркирлЗ рк╕рк╛ркорк╛ркЬрк┐ркХ рк╕ркВркЪрк╛рк░ркорк╛ркВ ркЬрк░рлВрк░рлА ркЫрлЗ.,
33,ркХрлНрк░рлЛркирлЗркорк┐ркХрлНрк╕ ркХрлЗ рк╕ркоркп рк╡рлНркпрк╡рк╣рк╛рк░ркирлЗ рк╕ркВркмркВркзрк┐ркд ркЫрлЗ.,рк╕ркоркп,ркЙркЪрлНркЪрк╛рк░,ркЖркВркЦрлЛркирлЛ рк╕ркВрккрк░рлНркХ,рккрк┐ркЪ,ркП. рк╕ркоркп,"ркХрлНрк░рлЛркирлЗркорк┐ркХрлНрк╕ркирлЛ ркЕрк░рлНрке ркЫрлЗ рк╕ркоркпркирлА ркнрк╛рк╖рк╛, рк╡рлНркпркХрлНркдрк┐ рк╕ркоркпркирлЗ ркХрлЗрк╡рлА рк░рлАркдрлЗ рккрлНрк░ркдрк┐ркХрлНрк░рк┐ркпрк╛ ркЖрккрлЗ ркЫрлЗ ркдрлЗ ркХркВркИркХ рк╡рк╛ркдркЪрлАркд ркХрк░рлЗ ркЫрлЗ.",
34,ркЖркдрлНркорк╡рк┐рк╢рлНрк╡рк╛рк╕ркирлА ркХркорлА рк╢ркХрлНркпркдрк╛ рккрлВрк░рлНркг __________ ркмркирк╛рк╡рлА рк╢ркХрлЗ ркЫрлЗ.,рк╕рлЗркорлЗркирлНркЯрк┐ркХ ркмрлЗрк░рк┐ркпрк░,рклрк┐ркЭрк┐ркХрк▓ ркмрлЗрк░рк┐ркпрк░,ркЗркВркЯрк░рккрк░рлНрк╕ркирк▓ ркмрлЗрк░рк┐ркпрк░,ркЖрк░рлНркЧркирк╛ркЗркЭрлЗрк╢ркирк▓ ркмрлЗрк░рк┐ркпрк░,рк╕рлА. ркЗркВркЯрк░рккрк░рлНрк╕ркирк▓ ркмрлЗрк░рк┐ркпрк░,ркЖркдрлНркорк╡рк┐рк╢рлНрк╡рк╛рк╕ркирк╛ ркЕркнрк╛рк╡рлЗ ркЧрлЗрк░рк╕ркоркЬ ркеркИ рк╢ркХрлЗ ркЫрлЗ.,
35,ркорк╛ркирк╕рк┐ркХ ркмрлЗрк░рк┐ркпрк░рлНрк╕ рк╕рлНркерк┐ркдрк┐ рк╕рк╛ркерлЗ ркЙркдрлНрккркирлНрки ркерк╛ркп ркЫрлЗ_______.,рк╕рлНрккрлЗрк▓рк┐ркВркЧ ркнрлВрк▓рлЛ,ркдркгрк╛рк╡,ркмрлЛрк▓рк╛рк╡ркЯрлА ркЕркХрлНрк╖ркоркдрк╛,рк╕ркВркЪрк╛рк░ркирлБркВ ркЦрк░рк╛ркм рккрлНрк░рк╡рк╛рк╣,ркм. ркдркгрк╛рк╡,ркдркгрк╛рк╡ рк╡рлНркпркХрлНркдрк┐ркирк╛ рк╢рк░рлАрк░рк╡рк┐ркЬрлНркЮрк╛рки рк╕рк╛ркерлЗ рк╕ркВркмркВркзрк┐ркд ркЫрлЗ.,
36,ркЬрк╛рк░рлНркЧркирлНрк╕ркирлЛ ркЙрккркпрлЛркЧ ркХрк░рк╡рк╛ркерлА ркХрлЛркИ ___________ ркмрлЗрк░рк┐ркпрк░ ркЙркдрлНрккркирлНрки ркерк╡рлЛ рк╢ркХрлЗ ркЫрлЗ.,ркЖрк░рлНркЧркирк╛ркЗркЭрлЗрк╢ркирк▓ ркмрлЗрк░рк┐ркпрк░,рккрлНрк╕рк┐ркХрлЛрк▓рлЛркЬрк┐ркХрк▓ ркмрлЗрк░рк┐ркпрк░,рк╕рлЛрк╕рк┐ркУ-ркХрк▓рлНркЪрк░рк▓ ркмрлЗрк░рк┐ркпрк░,рклрк┐ркЭрк┐ркХрк▓ ркмрлЗрк░рк┐ркпрк░,ркП. ркЖрк░рлНркЧркирк╛ркЗркЭрлЗрк╢ркирк▓ ркмрлЗрк░рк┐ркпрк░,рк╕рк┐ркорлЗркирлНркЯрлАркХркирлЛ ркЕрк░рлНрке ркнрк╛рк╖рк╛ рк╕рк╛ркерлЗ рк╕ркВркмркВркзрк┐ркд ркЫрлЗ ркЕркирлЗ ркЬрк╛рк░рлНркЧрки ркПркЯрк▓рлЗ ркЯрлЗркХркирк┐ркХрк▓ рк╢ркмрлНркжрлЛ.,
37,рк╕ркВркЪрк╛рк░ркирлЗ ркоркВркж ркЕркирлЗ ркЕрккрлНрк░ркнрк╛рк╡ркХрк╛рк░ркХ ркмркирк╛рк╡ркдрк╛ ркШркЯркХрлЛ ркХрлЗрк╡рк╛ ркЫрлЗ ркХрк╣рлЗрк╡рк╛ркорк╛ркВ ркЖрк╡рлЗ ркЫрлЗ?,рк╕рк┐рк░рлАркЭ,ркмрлЗрк░рк┐ркпрк░рлНрк╕,ркЪрлЗркирк▓,ркХрлЗрк░рлАркЕрк░рлНрк╕,ркм. ркмрлЗрк░рк┐ркпрк░рлНрк╕,ркЕрк╡рк░рлЛркзрлЛ ркПркЯрк▓рлЗ рккрлНрк░ркХрлНрк░рк┐ркпрк╛ркорк╛ркВ ркЕрк╡рк░рлЛркзрлЛ.,
38,рк╕ркВркЪрк╛рк░ркирлБркВ ркЕрккрк░рлНркпрк╛ркп ркЕрк╕ркВркЧркарк┐ркд ркмрлЗрк░рк┐ркпрк░ркирлБркВ ркЙркжрк╛рк╣рк░ркг ркЫрлЗ.,рк╕рлЗркорлЗркирлНркЯрк┐ркХ ркмрлЗрк░рк┐ркпрк░,рккрлНрк╕рк┐ркХрлЛрк▓рлЛркЬрк┐ркХрк▓ ркмрлЗрк░рк┐ркпрк░,рк╕ркВркЧркаркирк╛ркдрлНркоркХ ркмрлЗрк░рк┐ркпрк░,рк╕ркВркЧркаркирк╛ркдрлНркоркХ ркмрлЗрк░рк┐ркпрк░,рк╕рлА. рк╕ркВркЧркаркирк╛ркдрлНркоркХ ркмрлЗрк░рк┐ркпрк░,рк╕ркВрк╕рлНркерк╛ркорк╛ркВ ркЕрк╕ркВркЧркарк┐ркд рк╕ркВркЪрк╛рк░ рккрлНрк░ркгрк╛рк▓рлА рк╕ркорк╕рлНркпрк╛ркУ ркКркнрлА ркХрк░рлА рк╢ркХрлЗ ркЫрлЗ.,
39,рк╕рк╛ркорк╛ркЬрк┐ркХ-рк╕рк╛ркВрк╕рлНркХрлГркдрк┐ркХ ркмрлЗрк░рк┐ркпрк░рлНрк╕ркирлБркВ ркорлВрк│ ркХрк╛рк░ркг ркХрлЛркг рк╣рлЛркИ рк╢ркХрлЗ ркЫрлЗ?,ркЪрк┐ркВркдрк╛,ркпркВркдрлНрк░,рк╡рк░рлНркЧ рк╕ркВркШрк░рлНрк╖,ркЬрк╛рк░рлНркЧркирлНрк╕,рк╕рлА. рк╡рк░рлНркЧ рк╕ркВркШрк░рлНрк╖,рк╡рк┐рк╡рк┐ркз рк╡рк░рлНркЧрлЛркорк╛ркВ рк╡рк┐рк╡рк┐ркз рккрк╕ркВркж ркЕркирлЗ ркирк╛рккрк╕ркВркж рк╣рлЛркИ рк╢ркХрлЗ ркЫрлЗ ркЕркирлЗ ркдрлЗ рк╕ркВркШрк░рлНрк╖ркорк╛ркВ рккрк░рк┐ркгркорлЗ ркЫрлЗ.,
40,рк╕ркВркЪрк╛рк░ркирлА ркнрлМркдрк┐ркХ ркмрлЗрк░рк┐ркпрк░рлНрк╕ рк╢рлБркВ ркмркирк╛рк╡рлА ркЫрлЗ?,рк╢рлЛрк░,ркжрлВрк░ркдрк╛,рк╢рлНрк░рк╛рк╡ркг ркЕрк╕ркорк░рлНркеркдрк╛,ркмрлАркЬрлБркВ ркмркзрлБркВ,ркбрлА. ркмрлАркЬрлБркВ ркмркзрлБркВ,ркмркзрк╛ ркнрлМркдрк┐ркХ ркЕрк╡рк░рлЛркзрлЛркирк╛ ркЙркжрк╛рк╣рк░ркгрлЛ ркЫрлЗ.,
41,рк╡рлНркпркХрлНркдрк┐ркЧркд рккрлВрк░рлНрк╡ркЧрлБркг ркХркпрк╛ рккрлНрк░ркХрк╛рк░ркирлБркВ ркмрлЗрк░рк┐ркпрк░ ркЫрлЗ?,ркорк╛ркирк╕рк┐ркХ ркмрлЗрк░рк┐ркпрк░рлНрк╕,рк╕рлЗркорлЗркирлНркЯрк┐ркХ/ркнрк╛рк╖рк╛рк╡рк┐ркЬрлНркЮрк╛ркирк┐ркХ ркмрлЗрк░рк┐ркпрк░,рк╕рк╛ркорк╛ркЬрк┐ркХ-рк╕рк╛ркВрк╕рлНркХрлГркдрк┐ркХ ркмрлЗрк░рк┐ркпрк░рлНрк╕,ркнрлМркдрк┐ркХ ркмрлЗрк░рк┐ркпрк░рлНрк╕,ркП. ркорк╛ркирк╕рк┐ркХ ркмрлЗрк░рк┐ркпрк░рлНрк╕,рккрлНрк░рлБркЬрлНркпрлБркбрк┐рк╕ ркЕркирлЗ рккрлВрк░рлНрк╡ркЧрлНрк░рк╣ ркП ркоркирлЛрк╡рлИркЬрлНркЮрк╛ркирк┐ркХ ркдркдрлНрк╡рлЛ ркЫрлЗ.,
42,ркорк╛рк╣рк┐ркдрлА ркнрк░рккрлЗрк▓рлА ркЕркирлЗ ркдркХркирлАркХрлА рк╢ркмрлНркжрлЛркирлЛ ркЙрккркпрлЛркЧ ркеркдрлЛ рк╣рлЛркп ркдрлЛ ркХрлЛркИ ркмрлЗрк░рк┐ркпрк░ ркЙркдрлНрккркирлНрки ркерк╡рлЛ рк╢ркХрлЗ ркЫрлЗ.,рк╕ркВркЧркаркирк╛ркдрлНркоркХ ркмрлЗрк░рк┐ркпрк░,ркорк╛ркирк╕рк┐ркХ ркмрлЗрк░рк┐ркпрк░рлНрк╕,ркнрлМркдрк┐ркХ ркмрлЗрк░рк┐ркпрк░рлНрк╕,рк╕рлЗркорлЗркирлНркЯрк┐ркХ/ркнрк╛рк╖рк╛рк╡рк┐ркЬрлНркЮрк╛ркирк┐ркХ ркмрлЗрк░рк┐ркпрк░,ркбрлА. рк╕рлЗркорлЗркирлНркЯрк┐ркХ/ркнрк╛рк╖рк╛рк╡рк┐ркЬрлНркЮрк╛ркирк┐ркХ ркмрлЗрк░рк┐ркпрк░,рк╡ркзрлБ рккркбркдрлА ркорк╛рк╣рк┐ркдрлА ркХрлЛркИрккркг рк╕ркВрк╕рлНркерк╛ркорк╛ркВ рк╡рк╕рлНркдрлБркУркирлБркВ рк╕ркВркЪрк╛рк▓рки ркХрк░рк╡рк╛ркорк╛ркВ рк╕ркорк╕рлНркпрк╛ ркКркнрлА ркХрк░рлА рк╢ркХрлЗ ркЫрлЗ.,
43,рк░рлБркЪрк┐ркирлА ркХркорлА ркПркЯрк▓рлЗ ____________ ркЙркдрлНрккркирлНрки ркерк╡рлА рк╢ркХрлЗ ркЫрлЗ.,ркнрлМркдрк┐ркХ ркмрлЗрк░рк┐ркпрк░,рк╕рк╛ркоркирлА рккрлВрк░рлНрк╡ркЧрлБркг,ркорк╛ркирк╕рк┐ркХ ркмрлЗрк░рк┐ркпрк░рлНрк╕,ркЕркВркдрк░рк╡рлНркпркХрлНркдрк┐ркХ ркмрлЗрк░рк┐ркпрк░,ркм. ркЗркВркЯрк░рккрк░рлНрк╕ркирк▓ ркмрлЗрк░рк┐ркпрк░,"ркмрлЗ рк╡рлНркпркХрлНркдрк┐ркУ рк╡ркЪрлНркЪрлЗ рк╡рк╛ркдркЪрлАркд ркжрк░ркорк┐ркпрк╛рки, ркЬрлЛ ркХрлЛркИркирлЗ рк░рк╕ рки рк╣рлЛркп ркдрлЛ, ркЧрлЗрк░рк╕ркоркЬ ркеркИ рк╢ркХрлЗ ркЫрлЗ.",
44,рк╕рк╛ркХрлНрк╖рк░ркдрк╛ркирлА ркХркорлА ркХркИ рккрлНрк░ркХрк╛рк░ркирлБркВ ркмрлЗрк░рк┐ркпрк░ ркЫрлЗ?,ркнрлМркдрк┐ркХ ркмрлЗрк░рк┐ркпрк░рлНрк╕,ркорк╛ркирк╕рк┐ркХ ркмрлЗрк░рк┐ркпрк░рлНрк╕,рк╕рк╛ркорк╛ркЬрк┐ркХ-рк╕рк╛ркВрк╕рлНркХрлГркдрк┐ркХ ркмрлЗрк░рк┐ркпрк░рлНрк╕,ркЗркВркЯрк░рккрк░рлНрк╕ркирк▓ ркмрлЗрк░рк┐ркпрк░рлНрк╕,ркм. ркорк╛ркирк╕рк┐ркХ ркмрлЗрк░рк┐ркпрк░рлНрк╕,"рк╕рк╛ркВркнрк│рк╡рлБркВ ркЕркирлЗ ркмрлЛрк▓рк╡рлБркВ ркП рк╢рк░рлАрк░ркирк╛ ркнрлМркдрк┐ркХ ркЕркВркЧрлЛ рк╕рк╛ркерлЗ ркЬрлЛркбрк╛ркпрлЗрк▓рлБркВ ркЫрлЗ, ркдрлЗркерлА ркдрлЗ рк╢рк╛рк░рлАрк░рк┐ркХ ркЕрк╡рк░рлЛркз ркЫрлЗ.",
45,рккрлНрк░ркорк╛ркгрк┐ркХркдрк╛ рк╕рк╛ркерлЗ ркХркВрккрлНркпрлБркЯрк░ркирк╛ ркЕркирлБркнрк╡ рккрк░ ркЦрлВркм ркорлЛркЯрлБркВ ркЕрк╕рк░ рккркбркдрлБркВ рк╣рлЛркп ркдрлЛ ркХркпрлЛ ркмрлЗрк░рк┐ркпрк░ ркЙркдрлНрккркирлНрки ркерк╛ркп ркЫрлЗ?,ркпркВркдрлНрк░рк┐ркХ,рк╕ркВркЧркаркирк╛ркдрлНркоркХ,ркорк╛ркирк╕рк┐ркХ,ркнрлМркдрк┐ркХ,ркП. ркпркВркдрлНрк░рк┐ркХ,"ркЬрлНркпрк╛рк░рлЗ ркЖрккркгрлЗ ркХрлЛркИ рк╡рк╕рлНркдрлБркирлЗ ркЬрлЛркИркирлЗ ркдрлЗркирлЛ ркЕрк░рлНрке рк╕ркоркЬрлАркП ркЫрлАркП, ркдрлЗ ркжрлНрк░рк╢рлНркп рк╕ркВркЪрк╛рк░ ркЫрлЗ.",
46,ркпркерк╛рк░рлНркерк╡рк╛ркжрлА ркЕркирлЗ рккрлВрк░рлНркгркдрк╛ ркнрлВркдркХ ркмрлЛрк▓рлА рккркг ркмрлЗрк░рк┐ркпрк░ ркЙркдрлНрккркирлНрки ркХрк░рлА рк╢ркХрлЗ ркЫрлЗ.,ркнрлМркдрк┐ркХ ркмрлЗрк░рк┐ркпрк░рлНрк╕,рк╕рк╛ркоркЬрк╛ркЬрк┐ркХ ркмрлЗрк░рк┐ркпрк░рлНрк╕,рк╕рлЗркорлЗркВркЯрк┐ркХ/ркнрк╛рк╖рк╛рк╡рк┐ркЬрлНркЮрк╛ркирк┐ркХ ркмрлЗрк░рк┐ркпрк░,рккрлНрк╕рк┐ркХрлЛрк▓рлЛркЬрк┐ркХрк▓ ркмрлЗрк░рк┐ркпрк░рлНрк╕,рк╕рлА. рк╕рлЗркорлЗркВркЯрк┐ркХ/ркнрк╛рк╖рк╛рк╡рк┐ркЬрлНркЮрк╛ркирк┐ркХ ркмрлЗрк░рк┐ркпрк░,"ркорлБрк╢рлНркХрлЗрк▓ ркЕркирлЗ ркЯрлЗркХркирк┐ркХрк▓ рк╢ркмрлНркжрлЛ ркмркзрк╛ рк╕ркоркЬрлА рк╢ркХркдрк╛ ркиркерлА, ркЬрлЗркерлА ркорлВркВркЭрк╡ркг ркКркнрлА ркеркИ рк╢ркХрлЗ.",
47,ркЬрлЗрк╡рлБркВ рк╕ркВрк╡рк╛ркж рк╕рк╛ркЪрк╛ркВ рккрк░рк┐рк╕рлНркерк┐ркдрк┐ркирлА ркЬрлЛркбркгрлА рки рк▓рлЗ ркдрлЗрк╡рлБркВ рк╕ркВрк╡рк╛ркж ркмрлЗрк░рк┐ркпрк░ ркЙркдрлНрккркирлНрки ркХрк░рлА рк╢ркХрлЗ ркЫрлЗ.,ркЖркВркЦрлЛ рк╕рк╛ркорлЗ рккрк░рк┐рк╣рк╛рк░рлЛ,6 рклрлАркЯ ркжрлВрк░рлЗ,ркЬрк╛рк░рлНркЧркирлНрк╕ ркЙрккркпрлЛркЧ,ркХрлЛркИ ркирк╣рлАркВ,ркП. ркЖркВркЦрлЛ рк╕рк╛ркорлЗ рккрк░рк┐рк╣рк╛рк░рлЛ,рк╡рк╕рлНркдрлБркУ рк╕ркоркЬрк╡рк╛ ркорк╛ркЯрлЗ ркЖркВркЦркирлЛ рк╕ркВрккрк░рлНркХ ркЬрк░рлВрк░рлА ркЫрлЗ.,
48,ркХрлНркпрк╛ рккрлНрк░ркХрк╛рк░ркирк╛ рк╕ркВрк╡рк╛ркжркорк╛ркВ рк╢ркмрлНркжрлЛркирлЛ ркЙрккркпрлЛркЧ ркерк╛ркп ркЫрлЗ?,ркирлЛрки-рк╡рк░рлНркмрк▓ ркХркорлНркпрлБркирк┐ркХрлЗрк╢рки,рк╡рк░рлНркмрк▓ ркХркорлНркпрлБркирк┐ркХрлЗрк╢рки,рк╡рк┐ркЭрлНркпрлБркЕрк▓ ркХркорлНркпрлБркирк┐ркХрлЗрк╢рки,ркХрлЛркИ ркирк╣рлАркВ,ркм. рк╡рк░рлНркмрк▓ ркХркорлНркпрлБркирк┐ркХрлЗрк╢рки,рк╡рк░рлНркмрк▓ ркХрлЛркорлНркпрлБркирк┐ркХрлЗрк╢рки ркПркЯрк▓рлЗ рк╢ркмрлНркжрлЛ ркЕркирлЗ ркнрк╛рк╖рк╛ркирлЛ ркЙрккркпрлЛркЧ ркХрк░рлАркирлЗ рк╡рк╛ркдркЪрлАркд.,
49,ркЦрлЛркЯрк╛ рк╕рк╛ркзркирлЛ ркЕркирлЗ ркпркВркдрлНрк░ ркЕркерк╡рк╛ ркЯрлЗркХркирлЛрк▓рлЛркЬрлА рк╡рк┐рк╖рлЗ ркЕрккрк░рлНркпрк╛рккрлНркд ркЬрлНркЮрк╛рки ркорк╛ркЯрлЗ _______ ркмрлЗрк░рк┐ркпрк░ ркЙркдрлНрккркирлНрки ркерк╛ркп ркЫрлЗ.,ркпрк╛ркВркдрлНрк░рк┐ркХ,рк╕ркВркЧркаркирк╛ркдрлНркоркХ,ркорк╛ркирк╕рк┐ркХ,ркнрлМркдрк┐ркХ,ркП. ркпрк╛ркВркдрлНрк░рк┐ркХ,ркХрк╛рк░ркг ркХрлЗ рк╕ркорк╕рлНркпрк╛ ркорк╢рлАркирлЛ рк╕рк╛ркерлЗ ркЬрлЛркбрк╛ркпрлЗрк▓рлА ркЫрлЗ.,
50,"рк╕рк╛ркорк╛ркЬрк┐ркХ рккрк░рк┐рк╕рлНркерк┐ркдрк┐ркорк╛ркВ рк╢ркмрлНркжрлЛ рккркг ркЕркирлБркнрк╡ ркЫрлЗ, рккрк░ркВркдрлБ ркдрлЗ рк╢ркмрлНркжрлЛ ркЕркХрлНрк╖рк░рлЛ ркЕркирлЗ рк╡рк╛ркХрлНркп рк╕рк╛ркерлЗ ркиркерлА.",ркнрлМркдрк┐ркХ ркмрлЗрк░рк┐ркпрк░рлНрк╕,рк╕рк╛ркоркЬрк╛ркЬрк┐ркХ ркмрлЗрк░рк┐ркпрк░рлНрк╕,рк╕рлЗркорлЗркВркЯрк┐ркХ/ркнрк╛рк╖рк╛рк╡рк┐ркЬрлНркЮрк╛ркирк┐ркХ ркмрлЗрк░рк┐ркпрк░,рккрлНрк╕рк┐ркХрлЛрк▓рлЛркЬрк┐ркХрк▓ ркмрлЗрк░рк┐ркпрк░рлНрк╕,ркП. ркнрлМркдрк┐ркХ ркмрлЗрк░рк┐ркпрк░рлНрк╕,"ркжрк░рлЗркХ рк╕ркорк╛ркЬркорк╛ркВ, рк╕рк╛ркВрк╕рлНркХрлГркдрк┐ркХ рккрлГрк╖рлНркаркнрлВркорк┐ ркЕрк▓ркЧ рк╣рлЛркИ рк╢ркХрлЗ ркЫрлЗ, ркдрлЗркерлА ркдрлНркпрк╛ркВ ркЧрлЗрк░рк╕ркВркЪрк╛рк░ рк╣рлЛркИ рк╢ркХрлЗ ркЫрлЗ.",
51,11╧А/6 ркирлБркВ ркбрк┐ркЧрлНрк░рлА ркорк╛ркк _____ркЫрлЗ.,330┬░,30┬░,270┬░,320┬░,A= 330┬░,,
52,tanтБбуАЦ60┬░уАЧ/cotтБбуАЦ30┬░ ркирлА ркХрк┐ркВркоркд рк╢рлЛркзрлЛ.,0,1,2,3,B=1,,
54,ркЬрлЛcosx=2/3 ркЕркирлЗ ЁЭСе рккрлНрк░ркерко ркЪрк░ркгркорк╛ркВ рк╣рлЛркп ркдрлЛ ЁЭСбЁЭСОЁЭСЫЁЭСе=______,,,,,C = тИЪ5тБД2,,
55,25┬░ ркирлБркВ рк░рлЗркбрк┐ркпрки ркорк╛ркк _______ркЫрлЗ.,,,,,A = (5 ╧А)/6,,
,,,,,,,,
56,ркЬрлЛ cos x= 3/4 ркдрлЛ cosтБб 2x ркирлА ркХрк┐ркВркоркд _______ркЫрлЗ.,,,,,C = 1/8,,
57,"ркЬрлЛуАЦ4 tan ╬╕= 3, ркдрлЛ (4 sinтБбуАЦ╬╕-cosтБб╬╕ уАЧ)/(4 sinтБбуАЦ╬╕+ 9 cosтБб╬╕ ) ркирлА ркХрк┐ркВркоркд рк╢рлЛркзрлЛ.",1тБД6,11тБД6,7тБД6,(-1)тБД6,A= 1тБД6,,
58,tan 25╧А/6 ркирлА ркХрк┐ркВркоркд____ ркЫрлЗ.,,,,,D = 1/тИЪ3.,,
,,,,,,,,
59,ркирлБркВ ркбрк┐ркЧрлНрк░рлА ркорк╛ркк _____ркЫрлЗ.,310┬░,230┬░,60┬░,210┬░,D = 210┬░,,
,,,,,,,,
60,sinтБбуАЦ78┬░ cosуАЦ18^0 - cosуАЦ78^0 sinуАЦ18^0 ркирлА ркХрк┐ркВркоркд рк╢рлЛркзрлЛ.,,,,,A =тИЪ3/2,,
,,,,,,,,
61,cosтБбуАЦ48┬░- sinтБбуАЦ42┬░уАЧ ркирлА ркХрк┐ркВркоркд рк╢рлЛркзрлЛ.,1,0,-1,2,B=0,,
62,ркирлБркВ рк░рлЗркбрк┐ркпрки ркорк╛ркк _______ркЫрлЗ.,,,,,B = (5 ╧А)/6,,
,,,,,,,,
63,"ркЬрлЛ sinA= 4/5 ркЕркирлЗ cosB= 5/13 ркЬрлНркпрк╛ркВ 0<A,B< ╧А/2 ркдрлЛ sinтБб (A-B)= _______",,,,,C = -16/65,,
,,,,,,,,
64,ркирлА ркХрк┐ркВркоркд ____ ркЫрлЗ.,тИЪ3,1/тИЪ3,-тИЪ3,1,A= тИЪ3,,
,,,,,,,,
65,ркирлА ркХрк┐ркВркоркд рк╢рлЛркзрлЛ.,6,8,-8,0,B= 8,,
,,,,,,,,
66,ркЬрлЛ ркЕркирлЗ ЁЭСе ркмрлАркЬрк╛ркЪрк░ркгркорк╛ркВ рк╣рлЛркп ркдрлЛ ЁЭСаЁЭСЦЁЭСЫЁЭСе = ____,,,,,C= тИЪ8/3,,
,,,,,,,,
67,"ркЬрлЛ sinA=4/5 ркЕркирлЗ cosB= 5/13 ркЬрлНркпрк╛ркВ 0<A,B< ╧А/2 ркдрлЛ cos(ЁЭР┤тИТЁЭР╡)=_____",0,,,1,B= 63/65,,
,,,,,,,,
68,ркирлА ркХрк┐ркВркоркд рк╢рлЛркзрлЛ.,1,-1,0,2,A=1,,
,,,,,,,,
,,,,,,,,
69,ркмрк│ркирлБркВ ркПркХрко --------,kg,m,m/s,Newton,D,,
70,"""рккркжрк╛рк░рлНркеркирлА ркорк╛ркдрлНрк░рк╛"" ркжрк░рлНрк╢рк╛рк╡рк╡рк╛ ркорк╛ркЯрлЗркирлБркВ рккрлНрк░ркдрлАркХ ________ ркЫрлЗ",K,A,Cd,mol,D,,
71,ркирлАркЪрлЗркирк╛ркорк╛ркВркерлА ркХркпрлБркВ рккрлВрк░ркХ ркПркХрко ркЫрлЗ тАФтАФтАУ,ркорк╛рк╕,рк╕ркоркп,ркШрки ркХрлЛркг,ркдрлЗркЬрк╕рлНрк╡рлАркдрк╛,C,,
72,AU ркП ________ ркирлЛ ркПркХрко ркЫрлЗ,ркЦркЧрлЛрк│рк╢рк╛рк╕рлНркдрлНрк░ ркПркХрко,ркЦркЧрлЛрк│рлАркп ркПркХрко,ркЬрлНркпрлЛркдрк┐рк╖ ркПркХрко,рккрлБрк░рк╛ркдркдрлНрк╡рлАркп ркПркХрко,,,
73,ркЧркдрк┐ ркКрк░рлНркЬрк╛ркирк╛ рккрк░рк┐ркорк╛ркгрлЛ ________ркирк╛ рккрк░рк┐ркорк╛ркгрлЛ рк╕ркорк╛рки ркЫрлЗ,рккрлНрк░рк╡рлЗркЧ,рк╡рлЗркЧ,ркХрк╛рко,ркмрк│,C,,
74,рклрк░рк╛ркб ркП ________ ркирлЛ ркПркХрко ркЫрлЗ,ркдрлЗркЬрк╕рлНрк╡рлАркдрк╛,ркдрк░ркВркЧрк▓ркВркмрк╛ркЗ,ркХрлЗрккрлЗрк╕рк┐ркЯркирлНрк╕,ркЬркбркдрк╛,C,,
75,ркЬрлМрк▓/рк╕рлЗркХркирлНркб ркП ркирлБркВ ркПркХрко ркЫрлЗ,ркмрк│,ркХрлЛркгрлАркп рк╡рлЗркЧ,ркЙрк░рлНркЬрк╛,рк╢ркХрлНркдрк┐,D,,
76,J/s ркП-------- ркирлБркВ ркПркХрко ркЫрлЗ,ркмрк│,ркХрлЛркгрлАркп рк╡рлЗркЧ,ркЙрк░рлНркЬрк╛,рк╢ркХрлНркдрк┐,D,,
77,ркмрк│ркирк╛ ркЖрк╡рлЗркЧркирлБркВ ркПркХрко ркЫрлЗ ----------,ркХрлЗ,kg m/s,рк╣рк░рлНркЯрлНркЭ,ркирлНркпрлБркЯрки/ркорлА,B,,
78,ркЬрлЗ ркПркХркоркирлА рк╕рк┐рк╕рлНркЯрко ркЫрлЗ,ркПрк╕ркПркоркПрк╕ рк╕рк┐рк╕рлНркЯрко,MKP рк╕рк┐рк╕рлНркЯрко,FPS рк╕рк┐рк╕рлНркЯрко,FPS рк╕рк┐рк╕рлНркЯрко,C,,
79,1m/s=---------cm/s,10,1000,100000,100,D,,
80,"ркШркиркирлБркВ ркХркж .....m3, ркЬрлЛ ркдрлЗркирлА ркмрк╛ркЬрлБ 1 ркорлАркЯрк░ рк╣рлЛркп",1,1000,100000,100,A,,
81,"""рккркжрк╛рк░рлНркеркирлА ркорк╛ркдрлНрк░рк╛"" ркжрк░рлНрк╢рк╛рк╡рк╡рк╛ ркорк╛ркЯрлЗркирлБркВ рккрлНрк░ркдрлАркХ ________ ркЫрлЗ",ркХрлЗ,ркП,рк╕рлАркбрлА,ркорлЛрк▓,D,,
82,ркЧркдрк┐ ркКрк░рлНркЬрк╛ркирк╛ рккрк░рк┐ркорк╛ркгрлЛ ________ркирк╛ рккрк░рк┐ркорк╛ркгрлЛ рк╕ркорк╛рки ркЫрлЗ,рккрлНрк░рк╡рлЗркЧ,рк╡рлЗркЧ,ркХрк╛рко,ркмрк│,C,,
83,ркирлАркЪрлЗркирк╛ркорк╛ркВркерлА ркХркпрлБркВ рккрк░рк┐ркорк╛ркгрк╣рлАрки ркЫрлЗ,ркХрк╛рко,рк╢ркХрлНркдрк┐,ркХрк╛рко,ркЖрк╡рлЗркЧ,B,,
84,рклрлЛрк░рлНрк╕ркирк╛ рккрк░рк┐ркорк╛ркгрлЛ ркЫрлЗ,[M-1L3T-2],[M1L1T-2],[M-1L2T-2],[M1L-1T-1],B,,
85,ркирлАркЪрлЗркирк╛ркорк╛ркВркерлА ркХркпрлБркВ рккрк░рк┐ркорк╛ркгрк╣рлАрки ркЫрлЗ,ркмрк│/рккрлНрк░рк╡рлЗркЧркХ,рк╡рлЗркЧ/рккрлНрк░рк╡рлЗркЧркХ,рк╡рлЛрк▓рлНркпрлБрко/ркПрк░рк┐ркпрк╛,ркКрк░рлНркЬрк╛/ркХрк╛рко,D,,
86,рк╕рк╛рк░рлНрк╡ркдрлНрк░рк┐ркХ рк╡рлЗркЧркирк╛ рккрк░рк┐ркорк╛ркгрлЛ ---------ркЫрлЗ,[M-1L3T-2],[M1L1T-2],[M-1L2T-2],[M1L-1T-1],D,,
87,1m=___________cm,10,100,1000,10000,A,,
88,1N=___________dyne,10,100,1000,10000,D,,
89,1m ркдрлНрк░рк┐ркЬрлНркпрк╛ ркзрк░рк╛рк╡ркдрк╛ ркЧрлЛрк│рк╛ркирлБркВ ркХркж ------m3 ркЫрлЗ,4,8,12,16,A,,
90,1m ркдрлНрк░рк┐ркЬрлНркпрк╛ ркзрк░рк╛рк╡ркдрк╛ ркЧрлЛрк│рк╛ркирлБркВ ркХрлНрк╖рлЗркдрлНрк░рклрк│ ------------------- ркЫрлЗ.,130,1.3,26,13,D,,
91,рк╡рк┐рк╕рлНркдрк╛рк░ркирлБркВ ркПркХрко (ркХрлНрк╖рлЗркдрлНрк░рклрк│) ркЫрлЗ ------------,kg,m2,m/s,Newton,B,,
92,ркжркмрк╛ркгркирлБркВ ркПркХрко ------------ ркЫрлЗ,ркирлНркпрлБркЯрки/m2,kgm/s,m/s,ркирлНркпрлБркЯрки/ркорлА,A,,
93,ркШркиркдрк╛ркирлБркВ ркПркХрко ------------ ркЫрлЗ,ркирлНркпрлБркЯрки/m2,kgm/s,kg/m3,ркирлНркпрлБркЯрки/ркорлА,C,,
94,ркЬрлЗ ркорлВрк│ркнрлВркд ркПркХрко ркиркерлА?,ркХрлЗ,ркП,m/s,ркорлЛрк▓,C,,
95,ркорлВрк│ркнрлВркд ркПркХрко (ркорлВрк│ркнрлВркд ркПркХрко) ркХркпрлЛ ркЫрлЗ?,ркорлА,kgm/s,kg/m3,ркирлНркпрлБркЯрки/ркорлА,A,,
96,1g/cm3=-------kg/m3,10,100,1000,10000,C,,
97,2 ркорлАркЯрк░ркирлА ркмрк╛ркЬрлБ ркзрк░рк╛рк╡ркдрк╛ ркШркиркирлБркВ рккрлНрк░ркорк╛ркг ----------- ркЫрлЗ,4,16,8,2,C,,
98,ркдрк╛рккркорк╛ркиркирлБркВ ркПркХрко ------------ ркЫрлЗ,ркХрлЗ,ркХрк┐ркЧрлНрк░рк╛,ркХрлЗрк▓рлНрк╡рк┐рки,ркирлНркпрлБркЯрки/ркорлА,C,,
99,1m= ----mm,10,100,1000,10000,C,,
100,1cm=--------mm,10,100,1000,10000,A,,
101,рккрлНрк░ркХрк╛рк╢ рк╡рк░рлНрк╖ -------- ркирлЛ ркПркХрко ркЫрлЗ,ркмрк│,рк╡рлЗркЧ,рк╕ркоркп,ркЕркВркдрк░,D,,
102,ркжркмрк╛ркгркирлБркВ ркПркХрко -----------,ркХрлЗ,ркХрк┐ркЧрлНрк░рк╛,ркХрлЗрк▓рлНрк╡рк┐рки,ркирлНркпрлБркЯрки/m2,D,,
103,ркПркХрко ркдрлНрк░рк┐ркЬрлНркпрк╛ркирк╛ рк╡рк░рлНркдрлБрк│ркирлЛ рккрк░рк┐ркШ ---------- ркЫрлЗ,6,100,1000,10000,A,,
104,рк╕рк╛ркоркпрк┐ркХ рк╕ркоркпркирлБркВ ркПркХрко -----------,ркХрлЗ,ркХрк┐ркЧрлНрк░рк╛,ркмрлАркЬрлБркВ,ркирлНркпрлБркЯрки/ркорлА,C,,
105,ркЖрк╡рк░рлНркдркиркирлБркВ ркПркХрко =------------,ркХрлЗ,ркХрк┐ркЧрлНрк░рк╛,рк╣рк░рлНркЯрлНркЭ,ркирлНркпрлБркЯрки/ркорлА,C,,
106,ркПркХрко рк╕ркоркп ркжрлАрка ркорлБрк╕рк╛рклрк░рлА ркХрк░рлЗрк▓ ркЕркВркдрк░ ---------- ркЫрлЗ,ркмрк│,рк╡рлЗркЧ,рк╕ркоркп,ркЕркВркдрк░,B,,
107,рк╡рлЗркЧркирк╛ рклрлЗрк░рклрк╛рк░ркирлЛ ркжрк░ ---------- ркЫрлЗ,ркмрк│,рккрлНрк░рк╡рлЗркЧркХ,рк╕ркоркп,ркЕркВркдрк░,B,,
108,1kg=-----gm,1000,100,100000,1000000,A,,
109,ркмрк│ ркирлЛ ркПркХрко _____ркЫрлЗ.,ркирлНркпрлБркЯрки,ркХрк┐ркЧрлНрк░рк╛/рк╕рлЗркХркирлНркб,ркЬрлМрк▓,рк╡рлЛркЯ,A,,
110,рккрк╛рк╡рк░ ркирлЛ ркПркХрко ____ркЫрлЗ.,ркирлНркпрлБркЯрки,ркХрк┐ркЧрлНрк░рк╛/рк╕рлЗркХркирлНркб,ркЬрлМрк▓,рк╡рлЛркЯ,D,,
111,рк╡рлЗркЧркирлЛ ркПркХрко __ркЫрлЗ.,m/s,ркХрк┐ркЧрлНрк░рк╛/рк╕рлЗркХркирлНркб,ркЬрлМрк▓,рк╡рлЛркЯ,A,,
112,рккрлНрк░рк╡рлЗркЧркирлЛ ркПркХрко ____ркЫрлЗ.,m/s,m/s2,ркЬрлМрк▓,Kg-s,B,,
113,рк░рлЗркЦрлАркп рк╡рлЗркЧркорк╛ркиркирлБркВ рк╕рлВркдрлНрк░ ______ркЫрлЗ.,p=ma,p=Fa,p=mv,p=Ft,A,,
114,ркирлНркпрлБркЯркиркирк╛ ркмрлАркЬрк╛ ркирк┐ркпркоркирлБркВ рк╕рк╛ркЪрлБркВ рк╕рлНрк╡рк░рлВркк _____ркЫрлЗ.,F=ma,p=Fa,p=mv,p=Ft,A,,
115,ркирлНркпрлБркЯркиркирлЛ рккрлНрк░ркерко ркирк┐ркпрко _______рк╡рк┐рк╢рлЗ ркЫрлЗ.,ркХрк╛рк░рлНркп,рк╡рлЗркЧркорк╛рки,ркЬркбркдрлНрк╡,рккрлНрк░рк╡рлЗркЧ,C,,
116,ркЖрк╡рлЗркЧркирк╛ рк╕рк╛ркЪрк╛ рк╕рлНрк╡рк░рлВрккркирлЗ ркУрк│ркЦрлЛ.,тИЖF=pтИЩтИЖt,тИЖp=FтИЩтИЖt,тИЖt=FтИЩтИЖp,тИЖp=FтИЩтИЖa,B,,
117,рккрлНрк░рк╡рлЗркЧ ркП рк╕ркоркп рк╕рк╛ркерлЗ ______ ркирк╛ рклрлЗрк░рклрк╛рк░ркирлЛ ркжрк░ ркЫрлЗ.,рк╡рлЗркЧ,ркмрк│,рк╡рлЗркЧ,рккрк╛рк╡рк░,C,,
118,1N=___________ркбрк╛ркпркирлЗ,10,100,1000,100000,D,,
119,ркЙрк░рлНркЬрк╛ркирлЛ ркПркХрко _____ ркЫрлЗ.,m/s,ркХрк┐ркЧрлНрк░рк╛/рк╕рлЗркХркирлНркб,ркЬрлБрк▓,рк╡рлЛркЯ,C,,
120,10 ркирлНркпрлВркЯрки = ______kg.m/s2,40,20,10,30,C,,
121,рк░рлЛркХрлЗркЯркирлА ркЧркдрк┐ рк╢рлЗркирк╛ рккрк░ ркЖркзрк╛рк░рк┐ркд ркЫрлЗ?,ркорк╛рк╕,рк▓рлАркирк┐ркпрк░ ркорлЛркорлЗркирлНркЯрко,ркЧркдрк┐ ркКрк░рлНркЬрк╛,ркХрлЛркгрлАркп ркорлЛркорлЗркирлНркЯрко,B,,
122,рк╕ркдркд ркЧркдрк┐ ркзрк░рк╛рк╡ркдрлЛ рккркжрк╛рк░рлНрке_______ркорк╛ркЯрлЗ рк╕ркдркд рк╣рлЛрк╡рлБркВ ркЬрлЛркИркП.,рклрлЛрк░рлНрк╕,рк╡рлЗркЧ,рккрлНрк░рк╡рлЗркЧркХ,ркЖ ркдркорк╛рко,B,,
123,рк╡рлЗркЧркорк╛ркдрлНрк░рк╛ркорк╛ркВ рклрлЗрк░рклрк╛рк░ркирлБркВ рккрк░рк┐ркгрк╛рко_______ркерлА ркЖрк╡рлА рк╢ркХрлЗ ркЫрлЗ.,ркПркХ рккрлНрк░рк╡рлЗркЧркХ,ркПркХ ркмрк│,ркЖрк╡рлЗркЧ,ркЙрккрк░рлЛркХрлНркд ркдркорк╛рко,D,,
124,рккркжрк╛рк░рлНркеркирлА ркЧркдрк┐ркирлЗ рк░рлЛркХрк╡рк╛ ркЕркерк╡рк╛ рк░рлЛркХрк╡рк╛ркирлБркВ рк╡рк▓ркг________ ркдрк░рлАркХрлЗ ркУрк│ркЦрк╛ркп ркЫрлЗ.,рк╡рлЗркЧ,ркмрк│,рк╡рлЗркЧ,ркЧркдрк┐,B,,
125,ркПркХ рккркжрк╛рк░рлНрке ркЕркЪрк│ рк╡рлЗркЧ ркЕркирлЗ __________рк╕рк╛ркерлЗ ркорлБрк╕рк╛рклрк░рлА ркХрк░рлЗ ркЫрлЗ.,рк╡рлЗркЧркорк╛ркдрлНрк░рк╛ркирлЛ рк╕ркдркд ркжрк░,ркШркЯркдрлА рк╡рлЗркЧркорк╛ркдрлНрк░рк╛,рк╡ркзркдрлА рк╡рлЗркЧркорк╛ркдрлНрк░рк╛,ркЙрккрк░рлНркпрлБркХрлНркдркорк╛ркВркерлА ркХрлЛркИ ркирк╣рк┐.,A,,
126,рккрк╛рк╡рк░ _______ркдрк░рлАркХрлЗ рк╡рлНркпрк╛ркЦрлНркпрк╛ркпрк┐ркд ркеркпрлЗрк▓ ркЫрлЗ.,ркдрлЗ рккркжрк╛рк░рлНркеркирлБркВ ркжркмрк╛ркг ркЕркерк╡рк╛ ркЦрлЗркВркЪрк╛ркг ркЫрлЗ.,ркХрк╛рко ркХрк░рк╡рк╛ркирлА ркХрлНрк╖ркоркдрк╛,ркХрк╛рко ркХрк░рк╡рк╛ркирлЛ ркжрк░,ркЙрккрк░рлНркпрлБркХрлНркдркорк╛ркВркерлА ркХрлЛркИ ркирк╣рк┐.,C,,
127,ркирлАркЪрлЗркирк╛ркорк╛ркВркерлА ркХркпрлЛ ркнрлМркдрк┐ркХ ркЬркерлНркерлЛ ркХрк╛ркоркирк╛ ркжрк░ркирлЗ ркорк╛рккрлЗ ркЫрлЗ?,рклрлЛрк░рлНрк╕,ркКрк░рлНркЬрк╛,рккрк╛рк╡рк░,ркорлЛркорлЗркирлНркЯрко,C,,
128,"ркКркВркЪрк╛ркИ h ркерлА ркЧрлБрк░рлБркдрлНрк╡рк╛ркХрк░рлНрк╖ркг рк╣рлЗркарк│ ркорлБркХрлНркдрккркгрлЗ ркЖрк╡ркдрк╛ рккркжрк╛рк░рлНрке ркорк╛ркЯрлЗ, ркдрлЗркирлА рк╕ркВркнрк╡рк┐ркд ркКрк░рлНркЬрк╛ ркХрлНркпрк╛рк░рлЗ ркорк╣ркдрлНркдрко рк╣рк╢рлЗ,",рккрлНрк░рк╛рк░ркВркнрк┐ркХ рк╕рлНркерк┐ркдрк┐ ркХрк╛рк░ркг ркХрлЗ ркдрлЗ рккркбрк╡рк╛ркирлБркВ рк╢рк░рлВ ркХрк░рлЗ ркЫрлЗ.,рк╕рлМркерлА ркирлАркЪрлБркВ рк╕рлНркерк╛рки ркХрк╛рк░ркг ркХрлЗ ркдрлЗ ркЬркорлАрки рккрк░ ркЕркеркбрк╛рк╡рк╛ркирлБркВ ркЫрлЗ.,ркдрлЗркирк╛ рккрлНрк░ркХрлНрк╖рлЗрккркгркирлА рк╢рк░рлВркЖркд ркЕркирлЗ ркЕркВркдркирлА рк╕рлНркерк┐ркдрк┐ рк╡ркЪрлНркЪ,ркбрлЗркЯрк╛ ркЕрккрлВрк░ркдрлЛ ркЫрлЗ.,A,,
129,ркиркХрк╛рк░рк╛ркдрлНркоркХ рккрлНрк░рк╡рлЗркЧ __________ркирлА рк╡рк┐рк░рлБркжрлНркз ркжрк┐рк╢рк╛ркорк╛ркВ ркерк╛ркп ркЫрлЗ.,рк╡рлЗркЧ,рклрлЛрк░рлНрк╕,ркЕркВркдрк░,ркорлЛркорлЗркирлНркЯрко,A,,
130,рк╡рлЗркЧ-рк╕ркоркп ркЧрлНрк░рк╛ркл рк╣рлЗркарк│ркирлЛ рк╡рк┐рк╕рлНркдрк╛рк░ рк╢рлБркВ ркжрк░рлНрк╢рк╛рк╡рлЗ ркЫрлЗ?,рк╡рлЗркЧ,рк╡рк┐рк╕рлНркерк╛рккрки,рклрлЛрк░рлНрк╕,рккрлНрк░рк╡рлЗркЧркХ,B,,
131,ркЕркВркдрк░-рк╕ркоркп ркЧрлНрк░рк╛рклркирлЛ ркврлЛрк│рк╛рк╡________ ркЖрккрлЗ ркЫрлЗ.,рклрлЛрк░рлНрк╕,рккрлНрк░рк╡рлЗркЧркХ,ркорлЛркорлЗркирлНркЯрко,ркЭркбркк,D,,
132,рккрлНрк░рк╡рлЗркЧ рк╢рлЛркзрк╡рк╛ркирлБркВ рк╕рлВркдрлНрк░ _______ркЫрлЗ.,(v├Чt),(1/t),(W/t),(v-u)/t,D,,
133,"ркЬрлЛ ркХркгркирлЛ рк╡рлЗркЧ ркдрлЗркирк╛ рккрлНрк░рк╛рк░ркВркнрк┐ркХ ркорлВрк▓рлНркпркирк╛ ркЕркбркзрк╛ ркЬрлЗркЯрк▓рлЛ ркеркИ ркЬрк╛ркп, ркдрлЛ ркХркгркирлА ркЧркдрк┐ ркКрк░рлНркЬрк╛_______.",ркмркоркгрлБркВ ркорлЗрк│рк╡рлЛ,ркмркоркгрлБркВ ркорлЗрк│рк╡рлЛ,ркдрлЗркирк╛ ркорлВрк│ ркорлВрк▓рлНркпркирк╛ ркЕркбркзрк╛ рк╕рлБркзрлА ркШркЯрк╛ркбрлЛ,ркдрлЗркирк╛ ркорлВрк│ ркорлВрк▓рлНркпркирк╛ ркПркХ ркЪрлЛркерк╛ ркнрк╛ркЧ рк╕рлБркзрлА ркШркЯрк╛ркб,D,,
134,m' ркжрлНрк░рк╡рлНркп ркирк╛ ркХркгркорк╛ркВ рк╡рлЗркЧ 'p' рк╣рлЛркп ркЫрлЗ. ркдрлЗркирлА ркЧркдрк┐ ркКрк░рлНркЬрк╛ ______рк╣рк╢рлЗ.,p2m,mp,p2/2m,ркЙрккрк░рлЛркХрлНркдркорк╛ркВркерлА ркХрлЛркИ ркирк╣рлАркВ,C,,
135,ркЙрк░рлНркЬрк╛ркирлЛ SI ркПркХрко _______ ркЫрлЗ.,рк╡рлЛрк▓рлНркЯ,рк╡рлЛркЯ,ркЬрлМрк▓,рк░рлЗркбрк┐ркпрки,C,,
136,рккрк╡ркиркЪркХрлНркХрлАркорк╛ркВ рк╢рк╛рклрлНркЯ ркпрк╛ркВркдрлНрк░рк┐ркХ ркЙрк░рлНркЬрк╛ркирлЗ ________ ркорк╛ркВ рк░рлВрккрк╛ркВркдрк░рк┐ркд ркХрк░рк╡рк╛ркорк╛ркВ ркоркжркж ркХрк░рлЗ ркЫрлЗ.,рк░рк╛рк╕рк╛ркпркгрк┐ркХ ркЙрк░рлНркЬрк╛,рк╕рлМрк░ ркЙрк░рлНркЬрк╛,рк╡рк┐ркжрлНркпрлБркд ркКрк░рлНркЬрк╛,ркерк░рлНркорк▓ ркПркирк░рлНркЬрлА,C,,
137,_____________________ рклрлЛрк░рлНркорлНркпрлБрк▓рк╛ рк╕ркВркнрк╡рк┐ркд ркКрк░рлНркЬрк╛ ркЖрккрлЗ ркЫрлЗ.,m+h+g,m├Чg├Чh,m+g-h,mg/2h,B,,
138,ркмрк│ ├Ч рк╕рлНркерк╛ркирк╛ркВркдрк░ ______________ ркХрк╣рлЗрк╡рк╛ркп ркЫрлЗ.,ркХрк╛рко,рк╡ркЬрки,рккрлНрк░рк╡рлЗркЧркХ,ркорлЛркорлЗркирлНркЯрко,A,,
139,"ркирлАркЪрлЗркирк╛ркорк╛ркВркерлА ркХркпрк╛ ркЙркжрк╛рк╣рк░ркгркорк╛ркВ, ркХрк░рлЗрк▓ ркХрк╛рк░рлНркп ркиркХрк╛рк░рк╛ркдрлНркоркХ ркЫрлЗ?",ркЖркбрк╛ рклрк░ркдрк╛ рк╡рк┐ркорк╛рки рккрк░ ркЧрлБрк░рлБркдрлНрк╡рк╛ркХрк░рлНрк╖ркг ркмрк│ ркжрлНрк╡рк╛рк░рк╛ ркХрк░рк╡рк╛ркорк╛ркВ ркЖрк╡рлЗрк▓рлБркВ ркХрк╛рк░рлНркп.,ркЙрккрк░ркирлА ркдрк░ркл рклрлЗркВркХрк╡рк╛ркорк╛ркВ ркЖрк╡рлЗрк▓рк╛ ркмрлЛрк▓ рккрк░ ркЧрлБрк░рлБркдрлНрк╡рк╛ркХрк░рлНрк╖ркг ркмрк│ ркжрлНрк╡рк╛рк░рк╛ ркХрк░рк╡рк╛ркорк╛ркВ ркЖрк╡рлЗрк▓рлБркВ ркХрк╛рк░рлНркп.,ркорлБркХрлНркдрккркгрлЗ рккркбркдрк╛ рккркжрк╛рк░рлНрке рккрк░ ркЧрлБрк░рлБркдрлНрк╡рк╛ркХрк░рлНрк╖ркг ркмрк│ ркжрлНрк╡рк╛рк░рк╛ ркХрк░рк╡рк╛ркорк╛ркВ ркЖрк╡рлЗрк▓рлБркВ ркХрк╛рк░рлНркп.,ркЙрккрк░рлНркпрлБркХрлНркдркорк╛ркВркерлА ркХрлЛркИ ркирк╣рк┐.,B,,
140,"ркирлАркЪрлЗркирк╛ркорк╛ркВркерлА ркХркпрлЛ ркЕрк░рлНрке ""ркХрлЗркирлНркжрлНрк░ркерлА ркжрлВрк░ ркЬрк╡рлБркВ"" ркерк╛ркп ркЫрлЗ?",ркХрлЗркирлНркжрлНрк░ркмрк┐ркВркжрлБ,рк╕рлЗркирлНркЯрлНрк░рлАрклрлНркпрлБркЬ,ркХрлЗркирлНркжрлНрк░ркдрлНркпрк╛ркЧрлА,ркЙрккрк░рлЛркХрлНркдркорк╛ркВркерлА ркХрлЛркИ ркирк╣рлАркВ,C,,
141,ркХрлЗркирлНркжрлНрк░ркдрлНркпрк╛ркЧрлА ркмрк│ ркирлАркЪрлЗркирк╛ркорк╛ркВркерлА ркХркпрк╛ рккрк░рк┐ркмрк│рлЛ рккрк░ ркЖркзрк╛рк░рк┐ркд ркЫрлЗ?,ркШркиркдрк╛,ркдрк╛рккркорк╛рки ркЕркирлЗ рк╕рлНркирк┐ркЧрлНркзркдрк╛,ркЕркВркдрк░ ркХрлЗ ркЬрлЗркирк╛ рккрк░ рккркжрк╛рк░рлНрке/ркХркгрлЛ рк╡рк┐рк╕рлНркерк╛рккрк┐ркд ркерк╛ркп ркЫрлЗ.,ркЙрккрк░рлЛркХрлНркд ркдркорк╛рко,D,,
142,ркирлАркЪрлЗркирк╛ркорк╛ркВркерлА ркХркпрлБркВ ркХрлЗркирлНркжрлНрк░рк┐ркп ркмрк│рлЛркирлБркВ рк╢рлНрк░рлЗрк╖рлНрка рк╡рк░рлНркгрки ркХрк░рлЗ ркЫрлЗ?,рк╡рк╕рлНркдрлБркирлЗ ркЕрк╡ркХрк╛рк╢ркорк╛ркВ ркЙркбрк╡рк╛ ркорк╛ркЯрлЗ рк╡рккрк░рк╛ркдрлА ркмрк│,ркмрк│ ркЬрлЗ рккркжрк╛рк░рлНркеркирлЗ ркЕрк▓ркЧ рккрк╛ркбрлЗ ркЫрлЗ.,ркмрк│ ркЬрлЗ рккркжрк╛рк░рлНркеркирлЗ ркПркХ рк╕рк╛ркерлЗ ркЦрлЗркВркЪрлЗ ркЫрлЗ.,ркЙрккрк░рлНркпрлБркХрлНркдркорк╛ркВркерлА ркХрлЛркИ ркирк╣рк┐.,C,,
143,"ркирлАркЪрлЗркирк╛ркорк╛ркВркерлА ркХркпрлЛ ркЕрк░рлНрке ""ркХрлЗркирлНркжрлНрк░ркдрлНркпрк╛ркЧрлА "" ркерк╛ркп ркЫрлЗ?",ркХрлЗркирлНркжрлНрк░ркмрк┐ркВркжрлБ,рк╕рлЗркирлНркЯрлНрк░рлАрклрлНркпрлБркЬ,ркХрлЗркирлНркжрлНрк░ркдрлНркпрк╛ркЧрлА,рк╢ркдрк╛ркмрлНркжрлА,A,,
144,ркХрлЛркгрлАркп рккрлНрк░рк╡рлЗркЧркирлЗ _______________ ркирк╛ рккрк░рк┐рк╡рк░рлНркдрки ркжрк░ ркдрк░рлАркХрлЗ ркУрк│ркЦрк╡рк╛ркорк╛ркВ ркЖрк╡рлЗ ркЫрлЗ.,ркХрлЛркгрлАркп рк╡рк┐рк╕рлНркерк╛рккрки,ркХрлЛркгрлАркп рк╡рлЗркЧ,ркХрлЛркгрлАркп рк╡рлЗркЧ,ркЙрккрк░рлЛркХрлНркдркорк╛ркВркерлА ркХрлЛркИ ркирк╣рлАркВ,C,,
145,"ркЬрлЛ ркХрлЛркИ рккркжрк╛рк░рлНрке рк╕ркдркд ркХрлЛркгрлАркп рк╡рлЗркЧ рк╕рк╛ркерлЗ ркЧрлЛрк│рк╛ркХрк╛рк░ ркорк╛рк░рлНркЧркорк╛ркВ ркЖркЧрк│ рк╡ркзрлА рк░рк╣рлНркпрлБркВ рк╣рлЛркп, ркдрлЛ ркирлАркЪрлЗркирк╛ркорк╛ркВркерлА ркХркпрлЛ рк╕рк╛ркЪрлЛ ркЫрлЗ?",рккркжрк╛рк░рлНркеркирлЛ рккрлНрк░рк╡рлЗркЧ рк╢рлВркирлНркп ркЫрлЗ,рккркжрк╛рк░рлНрке рк╕ркдркд рккрлНрк░рк╡рлЗркЧ рк╕рк╛ркерлЗ ркЖркЧрк│ рк╡ркзрлА рк░рк╣рлНркпрлБркВ ркЫрлЗ,рккркжрк╛рк░рлНрке рк╡рк┐рк╡рк┐ркз рккрлНрк░рк╡рлЗркЧ рк╕рк╛ркерлЗ ркЖркЧрк│ рк╡ркзрлА рк░рк╣рлНркпрлБркВ ркЫ,ркЙрккрк░рлНркпрлБркХрлНркдркорк╛ркВркерлА ркХрлЛркИ ркирк╣рк┐.,C,,
146,рккркжрк╛рк░рлНркеркирк╛ ркХрлЛркгрлАркп рк╡рлЗркЧ(╧Й) ркЕркирлЗ рк░рлЗркЦрлАркп рк╡рлЗркЧ (V) рк╡ркЪрлНркЪрлЗркирлЛ рк╕рк╛ркЪрлЛ рк╕ркВркмркВркз __________ ркЫрлЗ.,V=╧Йr,╧Й=Vr,r=╧ЙV,V=╧Й/r,A,,
147,ркЬрлНркпрк╛рк░рлЗ рккркжрк╛рк░рлНрке ркПркХрк╕рк░ркЦрлА ркЧрлЛрк│ ркЧркдрк┐ ркХрк░рлЗ ркЫрлЗ ркдрлНркпрк╛рк░рлЗ ркирлАркЪрлЗркирк╛ркорк╛ркВркерлА ркХркпрлЛ рклрлЗрк░рклрк╛рк░ ркерк╛ркп ркЫрлЗ?,ркЭркбркк,ркорк╛рк╕,ркжрк┐рк╢рк╛,ркЧркдрк┐ ркКрк░рлНркЬрк╛,C,,
148,рк╕ркорк╛рки ркЧрлЛрк│рк╛ркХрк╛рк░ ркЧркдрк┐ркорк╛ркВ ркирлАркЪрлЗркирк╛__________ ркЬркерлНркерк╛ркУ рк╕рлНркерк┐рк░ рк░рк╣рлЗ ркЫрлЗ.,ркЭркбркк,рк╡рлЗркЧ,рк╡рлЗркЧ,рккрлНрк░рк╡рлЗркЧркХ,A,,
149,ркЖрк╡рлЗркЧ ___________ ркорк╛ркВркерлА ркорлЗрк│рк╡рлА рк╢ркХрк╛ркп ркЫрлЗ.,рк╡рлЗркЧ-рк╕ркоркп ркбрк╛ркпрк╛ркЧрлНрк░рк╛рко,рклрлЛрк░рлНрк╕-ркбрк┐рк╕рлНрккрлНрк▓рлЗрк╕ркорлЗркирлНркЯ ркбрк╛ркпрк╛ркЧрлНрк░рк╛рко,рк╡рлЗркЧ-рк╡рк┐рк╕рлНркерк╛рккрки рк░рлЗркЦрк╛ркХрлГркдрк┐,рклрлЛрк░рлНрк╕-ркЯрк╛ркЗрко ркбрк╛ркпрк╛ркЧрлНрк░рк╛рко,D,,
150,ркнрлМркдрк┐ркХ ркЬркерлНркерк╛ ркжрлНрк╡рк╛рк░рк╛ ркжрлНрк░рк╡рлНркп ркЕркирлЗ рк╡рлЗркЧркирлА рк╕ркВркпрлБркХрлНркд ркЕрк╕рк░ркирлЗ ___________ ркХрк╣рлЗрк╡рк╛ркорк╛ркВ ркЖрк╡рлЗ ркЫрлЗ.,ркЖрк╡рлЗркЧ,ркмрк│ркирлА ркХрлНрк╖ркг,ркорлЛркорлЗркирлНркЯрко,ркЙрккрк░рлЛркХрлНркдркорк╛ркВркерлА ркХрлЛркИ ркирк╣рлАркВ,C,,
151,ркЬрлНркпрк╛рк░рлЗ ркЪрк╛рк▓ркдрлА ркмрк╕ркирлЛ ркбрлНрк░рк╛ркИрк╡рк░ ркЕркЪрк╛ркиркХ ркмрлНрк░рлЗркХ рк▓ркЧрк╛рк╡рлЗ ркЫрлЗ ркдрлНркпрк╛рк░рлЗ ркдрлЗркорк╛ркВ ркмрлЗркарлЗрк▓рк╛ ркорлБрк╕рк╛рклрк░рлЛ ркЖркЧрк│ркирлА ркжрк┐рк╢рк╛ркорк╛ркВ рккркбрлА ркЬрк╛ркп ркЫрлЗ. ркЖ ____________ ркжрлНрк╡рк╛рк░рк╛ рк╕ркоркЬрк╛рк╡рлА рк╢ркХрк╛ркп ркЫрлЗ.,рк╕рк╛рккрлЗркХрлНрк╖ркдрк╛ркирлЛ рк╕рк┐ркжрлНркзрк╛ркВркд,ркирлНркпрлВркЯркиркирлЛ рккрлНрк░ркерко ркХрк╛ркпркжрлЛ,ркирлНркпрлВркЯркиркирлЛ ркмрлАркЬрлЛ ркирк┐ркпрко,ркЙрккрк░рлЛркХрлНркдркорк╛ркВркерлА ркХрлЛркИ ркирк╣рлАркВ,B,,
152,ркирлНркпрлБркЯркиркирлЛ ркЧркдрк┐ркирлЛ ркмрлАркЬрлЛ ркирк┐ркпрко ___________ ркЫрлЗ.,ркЬркбркдрк╛ркирлЛ ркХрк╛ркпркжрлЛ,ркХрк╛ркЙркирлНркЯрк░ рклрлЛрк░рлНрк╕ркирлЛ ркХрк╛ркпркжрлЛ,рккрлНрк░рк╡рлЗркЧркХркирлЛ ркХрк╛ркпркжрлЛ,ркЧрлБрк░рлБркдрлНрк╡рк╛ркХрк░рлНрк╖ркгркирлЛ ркХрк╛ркпркжрлЛ,C,,
153,ркирлАркЪрлЗркирк╛ркорк╛ркВркерлА ркХркпрлЛ ркЬркерлНркерлЛ ркдрлЗркирлА ркЧркдрк┐ркирлЗ ркжрк┐рк╢рк╛ рк╕рк╛ркерлЗ рк╕рлНрккрк╖рлНркЯ ркХрк░рлЗ ркЫрлЗ?,рк╡рк┐рк╕рлНркерк╛рккрки,ркорлЛркорлЗркирлНркЯрко,рк╡рлЗркЧ,рклрлЛрк░рлНрк╕,A,,
154,рккркжрк╛рк░рлНркеркирлА ркЧркдрк┐ркирлЛ ркорлВрк│ркнрлВркд ркПркХрко ____________________ ркЫрлЗ.,(m/km),(m/h),(m/s),(m/m),C,,
155,ркХрлЗркирлНркжрлНрк░рк┐ркп ркмрк│ ркорк╛ркЯрлЗ____________ ркЬрк╡рк╛ркмркжрк╛рк░ ркЫрлЗ.,ркЕрк╡ркХрк╛рк╢ркорк╛ркВ рккркжрк╛рк░рлНркеркирлА рк╕рлНрк╡ркдркВркдрлНрк░ ркЧркдрк┐,рккркжрк╛рк░рлНркеркирлЗ ркЧрлЛрк│рк╛ркХрк╛рк░ ркорк╛рк░рлНркЧ рк╕рк╛ркерлЗ ркЖркЧрк│ рк╡ркзркдрк╛ рк░рк╛ркЦрлЛ,рккркжрк╛рк░рлНркеркирлЗ рк╕рлАркзрлА рк░рлЗркЦрк╛ рк╕рк╛ркерлЗ ркЙркбрк╛ркбрлЛ,ркЙрккрк░рлНркпрлБркХрлНркдркорк╛ркВркерлА ркХрлЛркИ ркирк╣рк┐.,B,,
156,ркоркзрлНркпркмрк┐ркВркжрлБркерлА ркорк╣ркдрлНркдрко рк╕рлНркерк╛ркирк╛ркВркдрк░ркирлЗ рк╢рлБркВ ркХрк╣рлЗрк╡рк╛ркорк╛ркВ ркЖрк╡рлЗ ркЫрлЗ?,ркдрк░ркВркЧрк▓ркВркмрк╛ркИ,ркЖрк╡рлГркдрлНркдрк┐,ркХркВрккрк╡рк┐рк╕рлНркдрк╛рк░,ркЖрк╡рк░рлНркдркХрк╛рк│,C,,
157,ркЬрлЛ ркХрлЛркИ ркдрк░ркВркЧркирлА ркЖрк╡рлГркдрлНркдрк┐ рлнрлж Hz рк╣рлЛркп ркдрлЛ ркдрлЗркирлЛ ркЖрк╡рк░рлНркдркХрк╛рк│ ркХрлЗркЯрк▓рлЛ рк╣рк╢рлЗ?,рлж.рлжрли рк╕рлЗ,рлж.рлжрлзрлм рк╕рлЗ,0.0рлзрлк рк╕рлЗ,рли рк╕рлЗ,C,,
158,ркзрлНрк╡ркирк┐ркирк╛ ркдрк░ркВркЧрлЛркирлЛ рккрлНрк░ркХрк╛рк░ ркХркпрлЛ ркЫрлЗ?,ркпрк╛ркВркдрлНрк░рк┐ркХ,ркмрк┐рки ркпрк╛ркВркдрлНрк░рк┐ркХ,ркмркВркирлЗ a ркЕркирлЗ b,ркПркХрккркг ркирк╣рк┐,A,,
159,ркЖрк╡рлГркдрлНркдрк┐ркирлЛ ркПркХрко ркХркпрлЛ ркЫрлЗ?,рк╣рк░рлНркЯркЭ,рк╡рлЛркЯ,ркорлАркЯрк░,ркбрлЗрк╕рлАркмрлЗрк▓,A,,
160,рккрлНрк░ркХрк╛рк╢ркирлБркВ ркдрк░ркВркЧ рккркжрк╛рк░рлНркеркирлА ркзрк╛рк░ркирк╛ ркХрк╛рк░ркгрлЗ ркжрк┐рк╢рк╛ ркмркжрк▓рлЗ ркдрлЗркирлЗ рк╢рлБркВ ркХрк╣рлЗ ркЫрлЗ?,рккрк░рк╛рк╡рк░рлНркдрки,рк╡ркХрлНрк░рлАркнрк╡рки,рк╡рк┐рк╡рк░рлНркдрки,рк╢рлЛрк╖ркг,C,,
161,рк╕рлНркирлЗрк▓ркирк╛ ркирк┐ркпрко ркЕркирлБрк╕рк╛рк░ ркЖрккрк╛ркд ркХрлЛркг ркЕркирлЗ рк╡ркХрлНрк░рлАркнрк╡рки ркХрлЛркг ркХркпрк╛ рк╕ркорлАркХрк░ркгркерлА ркЬрлЛркбрк╛ркпрлЗрк▓рк╛ рк╣рлЛркп ркЫрлЗ?,n1/n2 = sin(╞Я2)/sin(╞Я1),n1/n2 = cos(╞Я2)/cos(╞Я1),n1/n2 = cot(╞Я2)/cot(╞Я1),n1/n2 = tan(╞Я2)/tan(╞Я1),A,,
162,ркПркХрко рк╕ркоркпркорк╛ркВ ркеркдрк╛ ркЖркВркжрлЛрк▓ркиркирлА рк╕ркВркЦрлНркпрк╛ркирлЗ рк╢рлБркВ ркХрк╣рлЗрк╡рк╛ркорк╛ркВ ркЖрк╡рлЗ ркЫрлЗ?,ркдрк░ркВркЧрк▓ркВркмрк╛ркИ,ркЖрк╡рлГркдрлНркдрк┐,ркХркВрккрк╡рк┐рк╕рлНркдрк╛рк░,ркЖрк╡рк░рлНркдркХрк╛рк│,B,,
163,ркЬрлЛ ркХрлЛркИ ркдрк░ркВркЧркирлА ркЖрк╡рлГркдрлНркдрк┐ рлмрлж Hz рк╣рлЛркп ркдрлЛ ркдрлЗркирлЛ ркЖрк╡рк░рлНркдркХрк╛рк│ ркХрлЗркЯрк▓рлЛ рк╣рк╢рлЗ?,рлж.рлжрли рк╕рлЗ,рлж.рлжрлзрлм рк╕рлЗ,рлж.рлл рк╕рлЗ,рли рк╕рлЗ,B,,
164,рккрлНрк░ркХрк╛рк╢ркирк╛ ркдрк░ркВркЧрлЛркирлЛ рккрлНрк░ркХрк╛рк░ ркХркпрлЛ ркЫрлЗ?,ркпрк╛ркВркдрлНрк░рк┐ркХ,ркмрк┐рки ркпрк╛ркВркдрлНрк░рк┐ркХ,ркмркВркирлЗ a ркЕркирлЗ b,ркПркХрккркг ркирк╣рк┐,B,,
165,ркдрк░ркВркЧрк▓ркВркмрк╛ркИркирлЛ ркПркХрко ркХркпрлЛ ркЫрлЗ?,рк╣рк░рлНркЯркЭ,рк╡рлЛркЯ,ркорлАркЯрк░,ркбрлЗрк╕рлАркмрлЗрк▓,C,,
166,рккрлНрк░ркХрк╛рк╢ркирлБркВ ркдрк░ркВркЧ ркЪрк│ркХркдрлА рк╕рккрк╛ркЯрлА рккрк░ ркЕркеркбрк╛ркИркирлЗ рк╡рк┐рк░рлБркжрлНркз ркжрк┐рк╢рк╛ркорк╛ркВ ркЧркдрк┐ ркХрк░рлЗ ркдрлЗркирлЗ рк╢рлБркВ ркХрк╣рлЗ ркЫрлЗ?,рккрк░рк╛рк╡рк░рлНркдрки,рк╡ркХрлНрк░рлАркнрк╡рки,рк╡рк┐рк╡рк░рлНркдрки,рк╢рлЛрк╖ркг,A,,
167,ркорк╛ркзрлНркпркоркирк╛ рк╡ркХрлНрк░рлАрк╡ркирк╛ркВркХркирлБркВ рк╕рлБркдрлНрк░ ркХркпрлБркВ ркЫрлЗ?,n = c/v,n = v/c,n = c.v,ркПркХрккркг ркирк╣рк┐.,A,,
168,ркмрлЗ ркХрлНрк░ркорк┐ркХ рк╢рлГркВркЧ рк╡ркЪрлНркЪрлЗркирк╛ ркЕркВркдрк░ркирлЗ рк╢рлБркВ ркХрк╣рлЗрк╡рк╛ркорк╛ркВ ркЖрк╡рлЗ ркЫрлЗ?,ркдрк░ркВркЧрк▓ркВркмрк╛ркИ,ркЖрк╡рлГркдрлНркдрк┐,ркХркВрккрк╡рк┐рк╕рлНркдрк╛рк░,ркЖрк╡рк░рлНркдркХрк╛рк│,A,,
169,ркЬрлЛ ркХрлЛркИ ркдрк░ркВркЧркирлЛ ркЖрк╡рк░рлНркдркХрк╛рк│ рли рк╕рлЗ рк╣рлЛркп ркдрлЛ ркдрлЗркирлА ркЖрк╡рлГркдрлНркдрк┐ ркХрлЗркЯрк▓рлА рк╣рк╢рлЗ?,рлз рк╣рк░рлНркЯркЭ,рлж.рлл рк╣рк░рлНркЯркЭ,рлж.рлк рк╣рк░рлНркЯркЭ,рли рк╣рк░рлНркЯркЭ,B,,
170,ркзрлНрк╡ркирк┐ркирк╛ ркдрк░ркВркЧрлЛркирлЛ рккрлНрк░ркХрк╛рк░ ркХркпрлЛ ркЫрлЗ?,рк▓ркВркмркЧркд ркдрк░ркВркЧрлЛ,рк╕ркВркЧркд ркдрк░ркВркЧрлЛ,ркмркВркирлЗ a ркЕркирлЗ b,ркПркХрккркг ркирк╣рк┐,B,,
171,ркХркВрккрк╡рк┐рк╕рлНркдрк╛рк░ркирлЛ ркПркХрко ркХркпрлЛ ркЫрлЗ?,рк╣рк░рлНркЯркЭ,рк╡рлЛркЯ,ркорлАркЯрк░,ркбрлЗрк╕рлАркмрк▓,C,,
172,рккрлНрк░ркХрк╛рк╢ркирлБркВ ркдрк░ркВркЧ ркПркХ ркорк╛ркзрлНркпркоркорк╛ркВркерлА ркмрлАркЬрк╛ ркорк╛ркзрлНркпркоркорк╛ркВ ркжрк╛ркЦрк▓ ркерк╛ркп ркдрлНркпрк╛рк░рлЗ ркдрлЗркирлА ркжрк┐рк╢рк╛ ркХрлЗрко ркмркжрк▓рлЗ ркЫрлЗ?,рккрк░рк╛рк╡рк░рлНркдрки,рк╡ркХрлНрк░рлАркнрк╡рки,рк╡рк┐рк╡рк░рлНркдрки,рк╢рлЛрк╖ркг,B,,
173,рк╣рк╡рк╛ркирк╛ рк╡ркХрлНрк░рлАрк╡ркирк╛ркВркХркирлБркВ ркорлВрк▓рлНркп ркХрлЗркЯрк▓рлБркВ рк╣рлЛркп ркЫрлЗ?,2,1,1.5,0.5,B,,
174,ркПркХ рккрлВрк░рлНркг ркЖркВркжрлЛрк▓рки ркорк╛ркЯрлЗ рк▓рк╛ркЧркдрк╛ рк╕ркоркпркирлЗ рк╢рлБркВ ркХрк╣рлЗрк╡рк╛ркорк╛ркВ ркЖрк╡рлЗ ркЫрлЗ?,ркдрк░ркВркЧрк▓ркВркмрк╛ркИ,ркЖрк╡рлГркдрлНркдрк┐,ркХркВрккрк╡рк┐рк╕рлНркдрк╛рк░,ркЖрк╡рк░рлНркдркХрк╛рк│,D,,
175,ркЬрлЛ ркХрлЛркИ ркдрк░ркВркЧркирлЛ ркЖрк╡рк░рлНркдркХрк╛рк│ рлз рк╕рлЗ рк╣рлЛркп ркдрлЛ ркдрлЗркирлА ркЖрк╡рлГркдрлНркдрк┐ ркХрлЗркЯрк▓рлА рк╣рк╢рлЗ?,рлз рк╣рк░рлНркЯркЭ,рлж.рлл рк╣рк░рлНркЯркЭ,рлж.рлк рк╣рк░рлНркЯркЭ,рли рк╣рк░рлНркЯркЭ,A,,
176,рккрлНрк░ркХрк╛рк╢ркирк╛ ркдрк░ркВркЧрлЛркирлЛ рккрлНрк░ркХрк╛рк░ ркХркпрлЛ ркЫрлЗ?,рк▓ркВркмркЧркд ркдрк░ркВркЧрлЛ,рк╕ркВркЧркд ркдрк░ркВркЧрлЛ,ркмркВркирлЗ a ркЕркирлЗ b,ркПркХрккркг ркирк╣рк┐,A,,
177,ркЖрк╡рк░рлНркдркХрк╛рк│ркирлЛ ркПркХрко ркХркпрлЛ ркЫрлЗ?,рк╣рк░рлНркЯркЭ,рк╡рлЛркЯ,ркорлАркЯрк░,рк╕рлЗркХркВркб,D,,
178,рк▓рлЗрк╕рк░ ркмрлАрко ркЖрккркгркирлЗ ркХркИ рккрлНрк░ркХрлНрк░рк┐ркпрк╛ ркжрлНрк╡рк╛рк░рк╛ ркорк│рлЗ ркЫрлЗ?,ркЙркдрлНрк╕рк░рлНркЬрки,рк╢рлЛрк╖ркг,ркмркВркирлЗ a ркЕркирлЗ b,ркХрлЛркИрккркг ркирк╣рк┐,B,,
179,ркорк╛ркзрлНркпркоркирк╛ рк╡ркХрлНрк░рлАрк╡ркирк╛ркВркХркирлБркВ ркорлВрк▓рлНркп ркХрлЛркирк╛ ркХрк░ркдрк╛ ркУркЫрлБркВ ркирк╛ рк╣рлЛркИ рк╢ркХрлЗ?,0.5,0.75,1,1.5,C,,
180,рккрлНрк░ркХрк╛рк╢ркирлБ ркдрк░ркВркЧ ркПркХ рккрк╛ркдрк│рк╛ ркорк╛ркзрлНркпрко ркорк╛ркВркерлА ркШркЯрлНркЯ ркорк╛ркзрлНркпркоркорк╛ркВ рккрлНрк░рк╡рлЗрк╢ ркХрк░рлЗ ркЫрлЗ. ркдрлЗ рк▓ркВркм ркдрк░ркл рк╡рк│рк╢рлЗ ркХрлЗ ркдрлЗркирк╛ркерлА ркжрлВрк░ ?,рк▓ркВркм ркдрк░ркл,рк▓ркВркмркерлА ркжрлВрк░,ркмркВркирлЗ ркмрк╛ркЬрлБ,ркХркИ ркХрк╣рлА рк╢ркХрк╛ркп ркирк╣рлАркВ,A,,
181,рккрлНрк░ркХрк╛рк╢ркирлБ ркдрк░ркВркЧ ркПркХ ркорк╛ркзрлНркпрко (n1) ркорк╛ркВркерлА ркмрлАркЬрк╛ ркорк╛ркзрлНркпрко (n2) ркорк╛ркВ рккрлНрк░рк╡рлЗрк╢ ркХрк░рлЗ ркЫрлЗ. ркЬрлЛ ркдрлЗ рк▓ркВркм ркдрк░ркл рк╡рк│рлЗ ркдрлЛ ркоркзрлНркпркоркирлЛ рк╡ркХрлНрк░рлАркнрк╛рк╡ркирк╛ркВркХ..,n1 > n2,n1 < n2,n1 = n2,n1 тЙа n2,D,,
182,ркЕрк▓рлНркЯрлНрк░рк╛рк╕рлЛркирк┐ркХ ркдрк░ркВркЧркирлА ркЖрк╡рлГркдрлНркдрк┐ ркХрлЗркЯрк▓рлА рк╣рлЛркп ркЫрлЗ ?,20 Hz,200 Hz,< 20 KHz,> 20 KHz,D,,
183,ркУрккрлНркЯрк┐ркХрк▓ рклрк╛ркИркмрк░ ркорк╛ркВ ркХрлЛрк░ ркХрк░ркдрк╛ркВ ркХрк▓рлЗркбрк┐ркВркЧ ркирлЛ рк╡ркХрлНрк░рлАркнрк╛рк╡ркирк╛ркВркХ..,рк╡ркзрлБ рк╣рлЛркп ркЫрлЗ,ркУркЫрлЛ рк╣рлЛркп ркЫрлЗ,рк╕рк░ркЦрлЛ рк╣рлЛркп ркЫрлЗ,рк╢рлВркирлНркп рк╣рлЛркп ркЫрлЗ,B,,
184,"ркХрк╛ркЪркорк╛ркВ рккрлНрк░ркХрк╛рк╢ркирлЛ рк╡рлЗркЧ 2 ├Ч 10^8 m/s ркЕркирлЗ рк╣рк╡рк╛ркорк╛ркВ ркдрлЗркирлЛ рк╡рлЗркЧ 3 ├Ч 10^8 m/s ркЫрлЗ, ркдрлЛ ркХрк╛ркЪркирлЛ рк╡ркХрлНрк░рлАркнрк╛рк╡ркирк╛ркВркХ ?",1.5,2.42,1.33,1,C,,
185,ркирлАркЪрлЗркиркорк╛ркВркерлА ркХркпрлБркВ рк╕рлНркирлЗрк▓ ркирк╛ ркирк┐ркпркоркирлБ рк╕рлВркдрлНрк░ ркЫрлЗ ?,╬╝ = sin i / sin r,╬╝ = sin i * sin r,╬╝ = sin i - sin r,╬╝ = sin i + sin r,A,,
186,рккрлНрк░ркХрк╛рк╢ркирлБ ркдрк░ркВркЧ ркПркХ ркШркЯрлНркЯ ркорк╛ркзрлНркпрко ркорк╛ркВркерлА рккрк╛ркдрк│рк╛ ркорк╛ркзрлНркпркоркорк╛ркВ рккрлНрк░рк╡рлЗрк╢ ркХрк░рлЗ ркЫрлЗ. ркдрлЗ рк▓ркВркм ркдрк░ркл рк╡рк│рк╢рлЗ ркХрлЗ ркдрлЗркирк╛ркерлА ркжрлВрк░ ?,рк▓ркВркм ркдрк░ркл,рк▓ркВркмркерлА ркжрлВрк░,ркмркВркирлЗ ркмрк╛ркЬрлБ,ркХркИ ркХрк╣рлА рк╢ркХрк╛ркп ркирк╣рлАркВ,B,,
187,рккрлНрк░ркХрк╛рк╢ркирлБ ркдрк░ркВркЧ ркПркХ ркорк╛ркзрлНркпрко (n1) ркорк╛ркВркерлА ркмрлАркЬрк╛ ркорк╛ркзрлНркпрко (n2) ркорк╛ркВ рккрлНрк░рк╡рлЗрк╢ ркХрк░рлЗ ркЫрлЗ. ркЬрлЛ ркдрлЗ рк▓ркВркмркерлА ркжрлВрк░ рк╡рк│рлЗ ркдрлЛ ркоркзрлНркпркоркирлЛ рк╡ркХрлНрк░рлАркнрк╛рк╡ркирк╛ркВркХ..,n1 > n2,n1 < n2,n1 = n2,n1 тЙа n2,A,,
188,рк╢рлНрк░рк╛рк╡рлНркп ркзрлНрк╡ркирк┐ ркдрк░ркВркЧркирлА ркЖрк╡рлГркдрлНркдрк┐ ркХрлЗркЯрк▓рлА рк╣рлЛркп ркЫрлЗ ?,20 Hz to 20 KHz,200000 Hz,< 20 Hz,> 20 KHz,A,,
189,ркУрккрлНркЯрк┐ркХрк▓ рклрк╛ркИркмрк░ ркорк╛ркВ ркХрк▓рлЗркбрк┐ркВркЧ ркХрк░ркдрк╛ркВ ркХрлЛрк░ркирлЛ рк╡ркХрлНрк░рлАркнрк╛рк╡ркирк╛ркВркХ..,рк╡ркзрлБ рк╣рлЛркп ркЫрлЗ,ркУркЫрлЛ рк╣рлЛркп ркЫрлЗ,рк╕рк░ркЦрлЛ рк╣рлЛркп ркЫрлЗ,рк╢рлВркирлНркп рк╣рлЛркп ркЫрлЗ,A,,
190,"рккрк╛ркгрлАркорк╛ркВ рккрлНрк░ркХрк╛рк╢ркирлЛ рк╡рлЗркЧ 2.25 ├Ч 10^8 m/s ркЕркирлЗ рк╣рк╡рк╛ркорк╛ркВ ркдрлЗркирлЛ рк╡рлЗркЧ 3 ├Ч 10^8 m/s ркЫрлЗ, ркдрлЛ рккрк╛ркгрлАркирлЛ рк╡ркХрлНрк░рлАркнрк╛рк╡ркирк╛ркВркХ ?",1.5,2.42,1.33,1,C,,
191,ркирлАркЪрлЗркирк╛ ркорк╛ркВркерлА рккрлНрк░ркХрк╛рк╢ркирлЛ ркХркпрлЛ рк╕рлНркдрлНрк░рлЛркд ркПркХрк░ркВркЧрлА рккрлНрк░ркХрк╛рк╢ ркЖрккрлЗ ркЫрлЗ ?,ркЯрлЛрк░рлНркЪ,ркЯрлНркпрлБркмрк▓рк╛ркИркЯ,рк▓рлЗрк╕рк░,рк╕рлВрк░рлНркпрккрлНрк░ркХрк╛рк╢,C,,
192,рккрлНрк░ркХрк╛рк╢ркирлБ ркдрк░ркВркЧ ркПркХ ркШркЯрлНркЯ ркорк╛ркзрлНркпрко ркорк╛ркВркерлА рккрк╛ркдрк│рк╛ ркорк╛ркзрлНркпркоркорк╛ркВ рккрлНрк░рк╡рлЗрк╢ ркХрк░рлЗ ркЫрлЗ. ркЬрлЛ ркдрлЗ рк╡ркХрлНрк░рлАркнрк╡рки рккрк╛ркорлНркпрк╛ рк╡рк┐ркирк╛ рккрк╕рк╛рк░ ркерк╛ркп ркдрлЛ ркЖрккркдркХрлЛркгркирлБ ркорлВрк▓рлНркп ркХрлЗркЯрк▓рлБркВ рк╣рк╢рлЗ ?,╬╕ = 90┬░,╬╕ < 90┬░,╬╕ > 90┬░,╬╕ = 0┬░,A,,
193,рккрлНрк░ркХрк╛рк╢ркирлБ ркдрк░ркВркЧ ркПркХ ркорк╛ркзрлНркпрко ркорк╛ркВркерлА ркмрлАркЬрк╛ ркорк╛ркзрлНркпрко ркорк╛ркВ рккрлНрк░рк╡рлЗрк╢ ркХрк░рлЗ ркЫрлЗ. ркЬрлЛ ркЖрккркдркХрлЛркг 90┬░ рк╣рлЛркп ркдрлЛ ркдрлЗ..,рк▓ркВркм ркдрк░ркл рк╡рк│рк╢рлЗ,рк▓ркВркм ркерлА ркжрлВрк░ рк╡рк│рк╢рлЗ,рк╡ркХрлНрк░рлАркнрк╡рки рккрк╛ркорлНркпрк╛ рк╡рк┐ркирк╛ рккрк╕рк╛рк░ ркерк╕рлЗ,ркПркЬ ркорк╛ркзрлНркпркоркорк╛ркВ рккрк░рк╛рк╡рк░рлНркдрки рккрк╛ркорк╢рлЗ,C,,
194,ркЗркирлНрклрлНрк░рк╛рк╕рлЛркирк┐ркХ ркдрк░ркВркЧркирлА ркЖрк╡рлГркдрлНркдрк┐ ркХрлЗркЯрк▓рлА рк╣рлЛркп ркЫрлЗ ?,20 Hz to 20 KHz,200000 Hz,< 20 Hz,> 20 KHz,C,,
195,рк╡ркХрлНрк░рлАркнрк╡ркиркХрлЛркгркирк╛ ркХркпрк╛ ркорлВрк▓рлНркп ркорк╛ркЯрлЗ ркЖрккркдркХрлЛркгркирлЗ ркХрлНрк░рк╛ркВркдрк┐ркХрлЛркг ркХрк╣рлЗрк╡рк╛ркорк╛ркВ ркЖрк╡рлЗ ркЫрлЗ ?,╬╕ = 90┬░,╬╕ = 0┬░,╬╕ = 45┬░,╬╕ = -45┬░,A,,
196,"рк╣рлАрк░рк╛ркорк╛ркВ рккрлНрк░ркХрк╛рк╢ркирлЛ рк╡рлЗркЧ 1.24 ├Ч 10^8 m/s ркЕркирлЗ рк╣рк╡рк╛ркорк╛ркВ ркдрлЗркирлЛ рк╡рлЗркЧ 3 ├Ч 10^8 m/s ркЫрлЗ, ркдрлЛ рк╣рлАрк░рк╛ркирлЛ рк╡ркХрлНрк░рлАркнрк╛рк╡ркирк╛ркВркХ ?",1.5,2.42,1.33,1,B,,
197,LASER ркирлБ рккрлВрк░рлБркВ ркирк╛рко..,Light Amplitude by Simultaneous Error of Radian,Lost Amplitude of Simultaneous Emission of Radiation,Like Average of Similar Errors of Radian,Light Amplification by Stimulated Emission of Radiation,D,,
198,I ___________ my homework before I went out to play.,Finish,Finished,Finishes,Will finish,The correct option is B,,
199,He ___________ the movie twice this week.,Watch,Watches,Watched,Will watch,The correct option is C.,,
200,"By this time next week, I ___________ in Paris",Am,Will be,Was,Would be,The correct option is B.,,
201,She ___________ for the company for five years before she got promoted.,Works,Worked,Will work,Is working,The correct option is B.,,
202,They ___________ the race before the storm started,Complete,Completes,Completed,Will complete,The correct option is C.,,
203,The concert ___________ at 7 PM yesterday,Starts,Started,Will start,Is starting,The correct option is B.,,
204,I ___________ to the gym every day.,Go,Goes,Went,Will go,The correct option is A.,,
205,She ___________ her homework by the time her friends arrived.,Finished,Finishes,Will finish,Has finished,The correct option is D.,,
206,They ___________ for their exams last night.,Studied,Study,Will study,Have studied,The correct option is A.,,
207,She ___________ her book on the table and went to bed.,Put,Puts,Will put,Had put,The correct option is A.,,
208,The train ___________ at 3 PM tomorrow.,Leaves,Left,Will leave,Is leaving,The correct option is C.,,
209,She ___________ her father every week.,Calls,Called,Will call,Is calling,The correct option is A.,,
210,They ___________ the game by the time we arrived.,Had won,Have won,Will win,Win,The correct option is A.,,
211,I ___________ to the concert last night.,Go,Goes,Went,Will go,The correct option is C.,,
212,Which of the following is a proper noun?,city,cat,Paris,Paris,Option C.,,
213,Which of the following is a collective noun?,book,team,car,flower,Option B.,,
214,Which of the following is a concrete noun?,idea,love,chair,freedom,Option C.,,
215,Which of the following is an abstract noun?,pencil,music,mountain,horse,Option B.,,
216,Which of the following is a common noun?,Mr. Johnson,Apple,Europe,Dog,Option D.,,
217,Which of the following is a countable noun?,milk,water,happiness,chair,Option D.,,
218,Which of the following is an uncountable noun?,cookie,cheese,book,person,Option B.,,
219,Which of the following is a proper collective noun?,group,flock,team,herd,Option B.,,
220,Which of the following is a possessive noun?,child,teacherтАЩs,house,car,Option B.,,
221,Which of the following is a compound noun?,book,basketball,car,flower,Option B.,,
222,Which of the following is an abstract collective noun?,library,class,family,government,Option D.,,
223,Choose the correct adjective to complete the sentence: The ________ puppy wagged its tail happily,shy,sad,excited,angry,excited,,
224,Choose the correct adjective to complete the sentence: The ________ dress was made of luxurious silk.,plain,ornate,simple,dull,ornate,,
225,Choose the correct adjective to complete the sentence: The ________ mountain peak was covered in snow.,rocky,steep,snowy,lush,snowy,,
226,Choose the correct adjective to complete the sentence: The ________ meal was delicious.,bland,tasteless,flavorful,insipid,flavorful,,
227,Choose the correct adjective to complete the sentence: The ________ child was lost in the crowded mall,happy,scared,excited,joyful,scared,,
228,Choose the correct adjective to complete the sentence: The ________ movie had a complex plot,simple,predictable,confusing,boring,confusing,,
229,Choose the correct adjective to complete the sentence: The ________ cat napped in the sun.,lazy,energetic,hyperactive,restless,lazy,,
230,Choose the correct adjective to complete the sentence: The ________ car sped down the highway.,slow,fast,cautious,careful,fast,,
231,Choose the correct adjective to complete the sentence: The ________ flower had a sweet fragrance.,wilted,dead,fresh,rotten,fresh,,
232,Choose the correct adjective to complete the sentence: The ________ sweater was made of soft cashmere.,itchy,scratchy,comfortable,uncomfortable,comfortable,,
233,The pen is ________ the table.,on,under,beside,in,on,,
234,The book is ________ the shelf.,on,under,beside,in,in,,
235,The cat is sleeping ________ the bed.,on,under,beside,in,in,,
236,I will meet you ________ the park.,on,under,beside,in,in,,
237,The car is parked ________ the garage.,on,under,beside,in,in,,
238,The painting is hanging ________ the wall.,on,under,beside,in,on,,
239,The bird is flying ________ the sky.,on,under,beside,in,in,,
240,The cookies are ________ the jar.,on,under,beside,in,in,,
241,The towel is ________ the rack.,on,under,beside,in,on,,
242,The dog is hiding ________ the couch.,on,under,beside,in,under,,
243,The clock is hanging ________ the wall.,on,under,beside,in,on,,
244,The bird is perched ________ the branch.,on,under,beside,in,on,,
245,The coat is hanging ________ the hook.,on,under,beside,in,on,,
246,The ants are crawling ________ the ground.,on,under,beside,in,on,,
247,The keys are ________ the drawer.,on,under,beside,in,in,,
248,Ram and Shyam __________ business partners.,have,has,are,had,are,,
249,She ___________ her office by 9 a.m. daily.,reach,reaches,reached,reaching,reaches,,
250,Rahul and his friends ___________ also invited to the party.,is,was,had,were,were,,
251,Neither you nor your sister should ___________ to them,talk,talks,talked,talking,talk,,
252,Twenty years _________ the minimum age to fill this form.,are,is,has,have,is,,
253,A pair of socks ___________ been missing from my wardrobe.,have,has,were,is,is,,
254,Much ____________ been said in the news reports.,were,have,has,was,has,,
255,The information provided to you ___________ wrong.,were,was,are,have been,was,,
256,The company ____________ of its stakeholders.,think,thought,thinks,thinking,thinks,,
257,A bouquet of flowers ___________ required for the event.,are,have,has,is,is,,
258,The train is тАжтАж.. crowded:,today,weekly,always,most highly,always,,
259,Our Mathematics teacher тАжтАжтАж. ever smiles:,hardly,usually,always,mostly,hardly,,
260,The essay is тАжтАж.. good:,more,very,most,much,very,,
261,Are you feeling тАжтАж. better today?,very,too,any,more,any,,
262,He works very тАжтАж.. these days:,hard,hardly,scarcely,mostly,hard,,
263,He тАжтАж works on Sundays:,hard,hardly,rather,much,hardly,,
264,She was тАжтАжтАж too rude in her behavior:,much,very,rather,fairly,rather,,
265,We can do it тАжтАж.. now because we have better resources:,easier,easiest,easy,more easily,more easily,,
266,Asma walks very тАжтАжтАж.,more gracefully,most gracefully,gracefully,grace,gracefully,,
267,"Among all her friends, Julia acts тАжтАжтАж",wisely,more wisely,wise,most wisely,most wisely,,
268,_________I hear someone whispering my name,Ah!,Oh!,Hush!,Wow!,Hush!,,
269,_______that feels amazing.,Bah!,Phew!,Yeah!,Ahh!,Ahh!,,
270,_______I have passed the exam.,Hurrah!,Ahh!,Wow!,Hey!,Hurrah!,,
271,_______I donтАЩt like this vegetable.,Uh!,Oh!,Ugh!,Whew!,Ugh!,,
272,______ ThatтАЩs really great news.,Hey!,Ah!,Yay!,Wow!,Wow!,,
273,______What a beautiful dress.,Hey!,Aww!,Oh!,Hmm!,Oh!,,
274,_______I spilled my coffee all over the table.,Aww!,Oops!,Uh!,Phew!,Oops!,,
275,I canтАЩt believe that you are coming here! _______!,Hmm!,Woah!,Yay!,Ah!,Yay!,,
276,_______just look at the puppies.,Oh!,Aww!,Hey!,Ah!,Aww!,,
277,_______Can you repeat the question?,Hey!,Hmm!,Huh!,Uh!,Huh!,,
277,X-ркЕркХрлНрк╖ркирлА ркзрки ркжрк┐рк╢рк╛ рк╕рк╛ркерлЗ -╧А/4 ркорк╛рккркирлЛ ркЦрлВркгрлЛ ркмркирк╛рк╡ркдрлА рк░рлЗркЦрк╛ркирлЛ ркврк╛рк│ -- ркЫрлЗ,-1,1,┬╜,0,1,,
277,"ркмрк┐ркВркжрлБркУ (5,6), (2,3) ркЕркирлЗ (9,-2), (6, -5) ркорк╛ркВркерлА рккрк╕рк╛рк░ ркеркдрлА рк░рлЗркЦрк╛ркУ --- ркЫрлЗ",рк▓ркВркм,X-ркЕркХрлНрк╖ркирлЗ рк╕ркорк╛ркВркдрк░,рк╕ркорк╛ркВркдрк░,ркЖркорк╛ркВркерлА ркПркХ рккркг ркирк╣рк┐,рк╕ркорк╛ркВркдрк░,,
277,ркЬрлЗркирлЛ ркврк╛рк│ 2 рк╣рлЛркп ркЕркирлЗ y-ркЕркВркдркГркЦркВркб 3 рк╣рлЛркп ркдрлЗрк╡рлА рк░рлЗркЦрк╛ркирлБркВ рк╕ркорлАркХрк░ркг --- ркЫрлЗ,y = 2x - 3,y = 2x + 3,y = 3x + 2,y = - 2x + 3,y = 2x + 3,,
277,"ркмрк┐ркВркжрлБ (3,4)ркорк╛ркВркерлА рккрк╕рк╛рк░ ркеркдрлА ркЕркирлЗ рк░рлЗркЦрк╛ 3x + 2y + 5 = 0 ркирлЗ рк▓ркВркм рк░рлЗркЦрк╛ркирлБркВ рк╕ркорлАркХрк░ркг --- ркЫрлЗ",y = 2/3 x + 2,y = 2/3 x - 2,y = 3/2 x + 2,y = 3/2 x - 2,y = 2/3 x + 2,,
277,"ркмрк┐ркВркжрлБ (1,2)ркорк╛ркВркерлА рккрк╕рк╛рк░ ркеркдрлА ркЕркирлЗ рк░рлЗркЦрк╛ y=3x + 1 ркирлЗ рк╕ркорк╛ркВркдрк░ рк░рлЗркЦрк╛ркирлБркВ рк╕ркорлАркХрк░ркг --- ркЫрлЗ",y = x -1,y = 3x -1,y= 3x -3,x = 3x -1,y = 3x -1,,
277,рк░рлЗркЦрк╛ 4x тАУ 3y + 15 = 0 ркирлЛ y-ркЕркВркдркГркЦркВркб --- ркЫрлЗ,-15/4,15/4,-5,5,5,,
277,рк╡рк░рлНркдрлБрк│ ркирлА ркдрлНрк░рк┐ркЬрлНркпрк╛ --- ркЫрлЗ,,,,18,,,
277,рк╡рк░рлНркдрлБрк│ ркирлБркВ ркХрлЗркирлНркжрлНрк░ --- ркЫрлЗ,"(-3,4)","(3,-4)","(-3,-4)","(3,4)","(-3,4)",,
277,"ркмрк┐ркВркжрлБркУ (1,5) ркЕркирлЗ (2,3) ркорк╛ркВркерлА рккрк╕рк╛рк░ ркеркдрлА рк░рлЗркЦрк╛ркирлБркВ рк╕ркорлАркХрк░ркг --- ркЫрлЗ",y = тИТ2x + 7,y = 2x + 7,x = тИТ2y + 7,x = 2y + 7,y = тИТ2x + 7,,
277,X-ркЕркХрлНрк╖ркирлА ркзрки ркжрк┐рк╢рк╛ рк╕рк╛ркерлЗ ркорк╛рккркирлЛ ркЦрлВркгрлЛ ркмркирк╛рк╡ркдрлА рк░рлЗркЦрк╛ркирлЛ ркврк╛рк│ -- ркЫрлЗ,,,,,,,
277,"ркмрк┐ркВркжрлБркУ A (4, 8), B (5, 12), C (9, 28) --- ркЫрлЗ",рк╕рлБрк░рлЗркЦ,ркЕрк╕рлБрк░рлЗркЦ,ркХрк╛ркЯркХрлЛркг ркдрлНрк░рк┐ркХрлЛркгркирк╛ рк╢рк┐рк░рлЛркмрк┐ркВркжрлБркУ,ркмркзрк╛ x-ркЕркХрлНрк╖ рккрк░ ркЖрк╡рлЗрк▓рк╛ ркЫрлЗ,рк╕рлБрк░рлЗркЦ,,
277,"X-ркЕркХрлНрк╖ркирлЗ рк╕ркорк╛ркВркдрк░ ркЕркирлЗ ркмрк┐ркВркжрлБ (3, -5) ркорк╛ркВркерлА рккрк╕рк╛рк░ ркеркдрлА рк░рлЗркЦрк╛ркирлБркВ рк╕ркорлАркХрк░ркг --- ркЫрлЗ",x = 3,x = -3,y = -5,y = 5,y = -5,,
277,X-ркЕркХрлНрк╖ркирлЗ рк╕ркорк╛ркВркдрк░ ркЕркирлЗ y-ркЕркВркдркГркЦркВркб -2 рк╣рлЛркп ркдрлЗрк╡рлА рк░рлЗркЦрк╛ркирлБркВ рк╕ркорлАркХрк░ркг --- ркЫрлЗ,y = 2,x = -3,x = 3,y = -2,y = -2,,
277,x-ркЕркирлЗ y-ркЕркВркдркГркЦркВркб ркЕркирлБркХрлНрк░ркорлЗ 3 ркЕркирлЗ 2 рк╣рлЛркп ркдрлЗрк╡рлА рк░рлЗркЦрк╛ркирлБркВ рк╕ркорлАркХрк░ркг --- ркЫрлЗ,2x + 3y = 6,2x - 3y = 6,3x + 2y = 6,3x - 2y = 6,2x + 3y = 6,,
277,"ркмрк┐ркВркжрлБ (1,-2)ркорк╛ркВркерлА рккрк╕рк╛рк░ ркеркдрлА ркЕркирлЗ ркЕркХрлНрк╖рлЛ рккрк░ рк╕ркорк╛рки ркЕркВркдркГркЦркВркбрлЛ ркХрк╛рккркдрлА рк░рлЗркЦрк╛ркирлБркВ рк╕ркорлАркХрк░ркг тАУ ркЫрлЗ",x + y = 1,x - y = 1,x + y = -1,x - y = -1,x + y = -1,,
277,"ркЬрлЗркирлБркВ ркХрлЗркирлНркжрлНрк░ (-2,3) ркЕркирлЗ ркдрлНрк░рк┐ркЬрлНркпрк╛ 4 рк╣рлЛркп ркдрлЗрк╡рк╛ рк╡рк░рлНркдрлБрк│ркирлБркВ рк╕ркорлАркХрк░ркг -- ркЫрлЗ",x┬▓ + y┬▓ + 4x - 6y -3 = 0,x┬▓ + y┬▓ - 4x + 6y - 3 = 0,x┬▓ + y┬▓ - 4x - 6y - 3 = 0,x┬▓ + y┬▓ + 4x - 6y + 3 = 0,x┬▓ + y┬▓ + 4x - 6y - 3 = 0,,
278,ркмрк│ркирлБркВ ркПркХрко --------,kg,m,m/s,Newton,D,,
279,"""рккркжрк╛рк░рлНркеркирлА ркорк╛ркдрлНрк░рк╛"" ркжрк░рлНрк╢рк╛рк╡рк╡рк╛ ркорк╛ркЯрлЗркирлБркВ рккрлНрк░ркдрлАркХ ________ ркЫрлЗ",K,A,Cd,mol,D,,
280,ркирлАркЪрлЗркирк╛ркорк╛ркВркерлА ркХркпрлБркВ рккрлВрк░ркХ ркПркХрко ркЫрлЗ тАФтАФтАУ,ркорк╛рк╕,рк╕ркоркп,ркШрки ркХрлЛркг,ркдрлЗркЬрк╕рлНрк╡рлАркдрк╛,C,,
281,AU ркП ________ ркирлЛ ркПркХрко ркЫрлЗ,ркЦркЧрлЛрк│рк╢рк╛рк╕рлНркдрлНрк░ ркПркХрко,ркЦркЧрлЛрк│рлАркп ркПркХрко,ркЬрлНркпрлЛркдрк┐рк╖ ркПркХрко,рккрлБрк░рк╛ркдркдрлНрк╡рлАркп ркПркХрко,,,
282,ркЧркдрк┐ ркКрк░рлНркЬрк╛ркирк╛ рккрк░рк┐ркорк╛ркгрлЛ ________ркирк╛ рккрк░рк┐ркорк╛ркгрлЛ рк╕ркорк╛рки ркЫрлЗ,рккрлНрк░рк╡рлЗркЧ,рк╡рлЗркЧ,ркХрк╛рко,ркмрк│,C,,
283,рклрк░рк╛ркб ркП ________ ркирлЛ ркПркХрко ркЫрлЗ,ркдрлЗркЬрк╕рлНрк╡рлАркдрк╛,ркдрк░ркВркЧрк▓ркВркмрк╛ркЗ,ркХрлЗрккрлЗрк╕рк┐ркЯркирлНрк╕,ркЬркбркдрк╛,C,,
284,ркЬрлМрк▓/рк╕рлЗркХркирлНркб ркП ркирлБркВ ркПркХрко ркЫрлЗ,ркмрк│,ркХрлЛркгрлАркп рк╡рлЗркЧ,ркЙрк░рлНркЬрк╛,рк╢ркХрлНркдрк┐,D,,
285,J/s ркП-------- ркирлБркВ ркПркХрко ркЫрлЗ,ркмрк│,ркХрлЛркгрлАркп рк╡рлЗркЧ,ркЙрк░рлНркЬрк╛,рк╢ркХрлНркдрк┐,D,,
286,ркмрк│ркирк╛ ркЖрк╡рлЗркЧркирлБркВ ркПркХрко ркЫрлЗ ----------,ркХрлЗ,kg m/s,рк╣рк░рлНркЯрлНркЭ,ркирлНркпрлБркЯрки/ркорлА,B,,
287,ркЬрлЗ ркПркХркоркирлА рк╕рк┐рк╕рлНркЯрко ркЫрлЗ,ркПрк╕ркПркоркПрк╕ рк╕рк┐рк╕рлНркЯрко,MKP рк╕рк┐рк╕рлНркЯрко,FPS рк╕рк┐рк╕рлНркЯрко,FPS рк╕рк┐рк╕рлНркЯрко,C,,
288,1m/s=---------cm/s,10,1000,100000,100,D,,
289,"ркШркиркирлБркВ ркХркж .....m3, ркЬрлЛ ркдрлЗркирлА ркмрк╛ркЬрлБ 1 ркорлАркЯрк░ рк╣рлЛркп",1,1000,100000,100,A,,
290,"""рккркжрк╛рк░рлНркеркирлА ркорк╛ркдрлНрк░рк╛"" ркжрк░рлНрк╢рк╛рк╡рк╡рк╛ ркорк╛ркЯрлЗркирлБркВ рккрлНрк░ркдрлАркХ ________ ркЫрлЗ",ркХрлЗ,ркП,рк╕рлАркбрлА,ркорлЛрк▓,D,,
291,ркЧркдрк┐ ркКрк░рлНркЬрк╛ркирк╛ рккрк░рк┐ркорк╛ркгрлЛ ________ркирк╛ рккрк░рк┐ркорк╛ркгрлЛ рк╕ркорк╛рки ркЫрлЗ,рккрлНрк░рк╡рлЗркЧ,рк╡рлЗркЧ,ркХрк╛рко,ркмрк│,C,,
292,ркирлАркЪрлЗркирк╛ркорк╛ркВркерлА ркХркпрлБркВ рккрк░рк┐ркорк╛ркгрк╣рлАрки ркЫрлЗ,ркХрк╛рко,рк╢ркХрлНркдрк┐,ркХрк╛рко,ркЖрк╡рлЗркЧ,B,,
293,рклрлЛрк░рлНрк╕ркирк╛ рккрк░рк┐ркорк╛ркгрлЛ ркЫрлЗ,[M-1L3T-2],[M1L1T-2],[M-1L2T-2],[M1L-1T-1],B,,
294,ркирлАркЪрлЗркирк╛ркорк╛ркВркерлА ркХркпрлБркВ рккрк░рк┐ркорк╛ркгрк╣рлАрки ркЫрлЗ,ркмрк│/рккрлНрк░рк╡рлЗркЧркХ,рк╡рлЗркЧ/рккрлНрк░рк╡рлЗркЧркХ,рк╡рлЛрк▓рлНркпрлБрко/ркПрк░рк┐ркпрк╛,ркКрк░рлНркЬрк╛/ркХрк╛рко,D,,
295,рк╕рк╛рк░рлНрк╡ркдрлНрк░рк┐ркХ рк╡рлЗркЧркирк╛ рккрк░рк┐ркорк╛ркгрлЛ ---------ркЫрлЗ,[M-1L3T-2],[M1L1T-2],[M-1L2T-2],[M1L-1T-1],D,,
296,1m=___________cm,10,100,1000,10000,A,,
297,1N=___________dyne,10,100,1000,10000,D,,
298,1m ркдрлНрк░рк┐ркЬрлНркпрк╛ ркзрк░рк╛рк╡ркдрк╛ ркЧрлЛрк│рк╛ркирлБркВ ркХркж ------m3 ркЫрлЗ,4,8,12,16,A,,
299,1m ркдрлНрк░рк┐ркЬрлНркпрк╛ ркзрк░рк╛рк╡ркдрк╛ ркЧрлЛрк│рк╛ркирлБркВ ркХрлНрк╖рлЗркдрлНрк░рклрк│ ------------------- ркЫрлЗ.,130,1.3,26,13,D,,
300,рк╡рк┐рк╕рлНркдрк╛рк░ркирлБркВ ркПркХрко (ркХрлНрк╖рлЗркдрлНрк░рклрк│) ркЫрлЗ ------------,kg,m2,m/s,Newton,B,,
301,ркжркмрк╛ркгркирлБркВ ркПркХрко ------------ ркЫрлЗ,ркирлНркпрлБркЯрки/m2,kgm/s,m/s,ркирлНркпрлБркЯрки/ркорлА,A,,
302,ркШркиркдрк╛ркирлБркВ ркПркХрко ------------ ркЫрлЗ,ркирлНркпрлБркЯрки/m2,kgm/s,kg/m3,ркирлНркпрлБркЯрки/ркорлА,C,,
303,ркЬрлЗ ркорлВрк│ркнрлВркд ркПркХрко ркиркерлА?,ркХрлЗ,ркП,m/s,ркорлЛрк▓,C,,
304,ркорлВрк│ркнрлВркд ркПркХрко (ркорлВрк│ркнрлВркд ркПркХрко) ркХркпрлЛ ркЫрлЗ?,ркорлА,kgm/s,kg/m3,ркирлНркпрлБркЯрки/ркорлА,A,,
305,1g/cm3=-------kg/m3,10,100,1000,10000,C,,
306,2 ркорлАркЯрк░ркирлА ркмрк╛ркЬрлБ ркзрк░рк╛рк╡ркдрк╛ ркШркиркирлБркВ рккрлНрк░ркорк╛ркг ----------- ркЫрлЗ,4,16,8,2,C,,
307,ркдрк╛рккркорк╛ркиркирлБркВ ркПркХрко ------------ ркЫрлЗ,ркХрлЗ,ркХрк┐ркЧрлНрк░рк╛,ркХрлЗрк▓рлНрк╡рк┐рки,ркирлНркпрлБркЯрки/ркорлА,C,,
308,1m= ----mm,10,100,1000,10000,C,,
309,1cm=--------mm,10,100,1000,10000,A,,
310,рккрлНрк░ркХрк╛рк╢ рк╡рк░рлНрк╖ -------- ркирлЛ ркПркХрко ркЫрлЗ,ркмрк│,рк╡рлЗркЧ,рк╕ркоркп,ркЕркВркдрк░,D,,
311,ркжркмрк╛ркгркирлБркВ ркПркХрко -----------,ркХрлЗ,ркХрк┐ркЧрлНрк░рк╛,ркХрлЗрк▓рлНрк╡рк┐рки,ркирлНркпрлБркЯрки/m2,D,,
312,ркПркХрко ркдрлНрк░рк┐ркЬрлНркпрк╛ркирк╛ рк╡рк░рлНркдрлБрк│ркирлЛ рккрк░рк┐ркШ ---------- ркЫрлЗ,6,100,1000,10000,A,,
313,рк╕рк╛ркоркпрк┐ркХ рк╕ркоркпркирлБркВ ркПркХрко -----------,ркХрлЗ,ркХрк┐ркЧрлНрк░рк╛,ркмрлАркЬрлБркВ,ркирлНркпрлБркЯрки/ркорлА,C,,
314,ркЖрк╡рк░рлНркдркиркирлБркВ ркПркХрко =------------,ркХрлЗ,ркХрк┐ркЧрлНрк░рк╛,рк╣рк░рлНркЯрлНркЭ,ркирлНркпрлБркЯрки/ркорлА,C,,
315,ркПркХрко рк╕ркоркп ркжрлАрка ркорлБрк╕рк╛рклрк░рлА ркХрк░рлЗрк▓ ркЕркВркдрк░ ---------- ркЫрлЗ,ркмрк│,рк╡рлЗркЧ,рк╕ркоркп,ркЕркВркдрк░,B,,
316,рк╡рлЗркЧркирк╛ рклрлЗрк░рклрк╛рк░ркирлЛ ркжрк░ ---------- ркЫрлЗ,ркмрк│,рккрлНрк░рк╡рлЗркЧркХ,рк╕ркоркп,ркЕркВркдрк░,B,,
317,1kg=-----gm,1000,100,100000,1000000,A,,
318,ркирк┐рк░рккрлЗркХрлНрк╖ ркерк░рлНркорлЛркбрк╛ркпркирлЗркорк┐ркХ ркдрк╛рккркорк╛рки рк╕рлНркХрлЗрк▓ркирлЗ ____________ ркдрк░рлАркХрлЗ рккркг ркУрк│ркЦрк╡рк╛ркорк╛ркВ ркЖрк╡рлЗ ркЫрлЗ,рк╕рлЗрк▓рлНрк╕рк┐ркпрк╕ рк╕рлНркХрлЗрк▓,ркХрлЗрк▓рлНрк╡рк┐рки рк╕рлНркХрлЗрк▓,ркмркВркирлЗ,ркЙрккрк░рлНркпрлБркХрлНркдркорк╛ркВркерлА ркХрлЛркИ ркирк╣рк┐,B,,
319,ркЧрлЗрк╕ ркжрлНрк╡рк╛рк░рк╛ рк▓рк╛рк╡рк╡рк╛ркорк╛ркВ ркЖрк╡ркдрлБркВ ркжркмрк╛ркг рк╡рк╛ркпрлБркирк╛ рккрк░ркорк╛ркгрлБркУркирлА рк╕рк░рлЗрк░рк╛рк╢ ркЯрлНрк░рк╛ркирлНрк╕рк▓рлЗрк╢ркирк▓ ркЧркдрк┐ ркКрк░рлНркЬрк╛ ркорк╛ркЯрлЗ _______ ркЫрлЗ.,рк╕ркорк╛рки рккрлНрк░ркорк╛ркгрк╕рк░,рк╡рлНркпрк╕рлНркд рккрлНрк░ркорк╛ркгркорк╛ркВ,рк╕ркорк╛рки,ркЕркбркзрк╛ рк╕ркорк╛рки рккрлНрк░ркорк╛ркг,A,,
320,ркЖркжрк░рлНрк╢ ркЧрлЗрк╕ркирлА рк╕ркорк╛рки PV = _______ ркдрк░рлАркХрлЗ рк╡рлНркпркХрлНркд ркХрк░рлА рк╢ркХрк╛ркп ркЫрлЗ,n/RT.,nRT,n┬▓RT.,nR/T,B,,
321,рк╕рк╛рк░рлНрк╡ркдрлНрк░рк┐ркХ ркЧрлЗрк╕ рк╕рлНркерк┐рк░рк╛ркВркХркирлБркВ ркорлВрк▓рлНркп ркЫрлЗ__________,8.314 Jmolk.,8.314 J-1mol-1k-1,8.314Jmol-1k-1.,8.314 Jmolk-1,C,,
322,рк╕рк╛рк░рлНрк╡ркдрлНрк░рк┐ркХ ркЧрлЗрк╕ рк╕рлНркерк┐рк░рк╛ркВркХркирлЛ SI ркПркХрко ркЫрлЗ____,Jmolk.,J-1mol-1k-1,8.314Jmol-1k-1.,8.314 Jmolk-1,C,,
323,ркЖркжрк░рлНрк╢ рк╡рк╛ркпрлБркирлБркВ ркирк┐рк░рккрлЗркХрлНрк╖ ркдрк╛рккркорк╛рки ркП рк╡рк╛ркпрлБркирк╛ ркЕркгрлБркУркирлА рк╕рк░рлЗрк░рк╛рк╢ ркЯрлНрк░рк╛ркирлНрк╕рк▓рлЗрк╢ркирк▓ ркЧркдрк┐ ркКрк░рлНркЬрк╛ ркорк╛ркЯрлЗ _______ ркЫрлЗ.,рк╕ркорк╛рки рккрлНрк░ркорк╛ркгрк╕рк░,рк╡рлНркпрк╕рлНркд рккрлНрк░ркорк╛ркгркорк╛ркВ,рк╕ркорк╛рки,ркЕркбркзрк╛ рк╕ркорк╛рки рккрлНрк░ркорк╛ркг,A,,
324,ркжркмрк╛ркг P ркП ркЧрлЗрк╕ркирк╛ рк╕ркдркд ркдрк╛рккркорк╛ркирлЗ рк╡рлЛрк▓рлНркпрлБрко V ркирк╛ рк╡рк┐рккрк░рк┐ркд рккрлНрк░ркорк╛ркгрк╕рк░ ркЫрлЗ. ркЬрлЗ _____________ркЫрлЗ.,BoyleтАЩs law.,Charles law,NewtonтАЩs law.,PlanckтАЩs law,A,,
325,"ркмрлЛркпрк▓ркирк╛ ркирк┐ркпрко ркорлБркЬркм, ркЧрлЗрк╕ркирк╛ рк╕ркдркд ркдрк╛рккркорк╛ркирлЗ, ркжркмрк╛ркг _______ ркерлА рк╡рлЛрк▓рлНркпрлБрко рк╣рлЛркп ркЫрлЗ.",,,,,B,,
326,"ркмрлЛркпрк▓ркирк╛ ркирк┐ркпрко ркорлБркЬркм, ркжркмрк╛ркг P тИЭ ___",V.,1/V,T.,1/T,B,,
327,"рк╡рлЛрк▓рлНркпрлБрко ркЧрлЗрк╕ркирк╛ ркирк┐рк░рккрлЗркХрлНрк╖ ркдрк╛рккркорк╛ркиркирк╛ рк╕рлАркзрк╛ рккрлНрк░ркорк╛ркгрк╕рк░ ркЫрлЗ, ркЬрлЛ ркжркмрк╛ркг рк╕ркдркд рк░рк╛ркЦрк╡рк╛ркорк╛ркВ ркЖрк╡рлЗ ркЫрлЗ, ркдрлЗ _______ркЫрлЗ,",BoyleтАЩs law,Charles law,NewtonтАЩs law.,PlanckтАЩs law,B,,
328,ркерк░рлНркорлЛркбрк╛ркпркирлЗркорк┐ркХрлНрк╕ ркдрк╛рккркорк╛ркиркирк╛ рккрлНрк░ркерко ркирк┐ркпрко ркорлБркЬркм Q = _____,тИЖU+W.,тИЖU-W,U+тИЖW.,U-тИЖW,A,,
329,______ рккрлНрк░ркХрлНрк░рк┐ркпрк╛ ркПрк╡рлА ркЫрлЗ ркХрлЗ ркЬрлЗркорк╛ркВ ркХрлЛркИ ркЧрк░ркорлА рк╕рк┐рк╕рлНркЯркоркорк╛ркВ рккрлНрк░рк╡рлЗрк╢ркдрлА ркиркерлА ркЕркерк╡рк╛ ркЫрлЛркбркдрлА ркиркерлА.,isothermal,ркПркбрк┐ркпрк╛ркмрлЗркЯрк┐ркХ,rapid escape.,cloud formation,B,,
330,рклрк╛ркЯрлЗрк▓рк╛ ркЯрк╛ркпрк░ркорк╛ркВркерлА рк╣рк╡рк╛ркирлБркВ ркЭркбрккрлА ркнрк╛ркЧрлА ркЬрк╡рлБркВ ркдрлЗ__________ ркЫрлЗ,ркЗрк╕рлЛркерк░рлНркорк▓ рккрлНрк░ркХрлНрк░рк┐ркпрк╛,ркПркбрк┐ркпрк╛ркмрлЗркЯрк┐ркХ рккрлНрк░ркХрлНрк░рк┐ркпрк╛,рк╡рлИрк╢рлНрк╡рк┐ркХ рккрлНрк░ркХрлНрк░рк┐ркпрк╛,рк╡рк╛ркжрк│ рк░ркЪркирк╛ рккрлНрк░ркХрлНрк░рк┐ркпрк╛,B,,
331,"Cp ркП рк╕ркдркд ркжркмрк╛ркг ркЫрлЗ ркЕркирлЗ Cv ркП рк╕рлНркерк┐рк░ рк╡рлЛрк▓рлНркпрлБрко ркЫрлЗ R ркП рк╕рк╛рк░рлНрк╡ркдрлНрк░рк┐ркХ ркЧрлЗрк╕ рк╕рлНркерк┐рк░ ркЫрлЗ, ркдрлЛ R _______",Cp тАУ Cv,Cp + Cv,Cv тАУ Cp,Cv + Cp,A,,
332,ркЙрк▓ркЯрк╛рк╡рлА рк╢ркХрк╛ркп ркдрлЗрк╡рлБркВ ркЪркХрлНрк░ ркП ркЫрлЗ ркЬрлЗркорк╛ркВ ркдркорк╛рко рклрлЗрк░рклрк╛рк░рлЛ ________ рк╣рлЛркп ркЫрлЗ,irreversible.,reverseble,equal.,constant,B,,
333,"ркЬрлЛ ркХрлЛркИ рккрлНрк░ркХрлНрк░рк┐ркпрк╛ркирлЗ ркирк┐ркпркВркдрлНрк░ркХ рккрк░рк┐ркмрк│рлЛркирлЗ ркЙрк▓ркЯрк╛рк╡рлАркирлЗ рккрк╛ркЫрк│ркирлА ркжрк┐рк╢рк╛ркорк╛ркВ рки рк▓ркИ рк╢ркХрк╛ркп, ркдрлЛ ркдрлЗ _______ рккрлНрк░ркХрлНрк░рк┐ркпрк╛ ркЫрлЗ.",irreversible.,reverseble,qual,constant,A,,
334,"ркЬрлЛ рк╕рк┐рк╕рлНркЯрко ркХрлБркжрк░ркдрлА рккрлНрк░ркХрлНрк░рк┐ркпрк╛ркорк╛ркВркерлА рккрк╕рк╛рк░ ркерк╛ркп ркЫрлЗ, ркдрлЛ ркдрлЗ ркдрлЗ ркжрк┐рк╢рк╛ркорк╛ркВ ркЬрк╢рлЗ ркЬрлЗркирк╛ ркХрк╛рк░ркгрлЗ рк╕рк┐рк╕рлНркЯркоркирк╛ _______ркорк╛ркВ рк╡ркзрк╛рк░рлЛ ркерк╛ркп ркЫрлЗ.",diesel engine.,petrol engine,entropy.,cycle,C,,
335,"ркКрк░рлНркЬрк╛ рк╕ркВрк░ркХрлНрк╖ркг ркЫрлЗ ркдрлЗркирлЛ ркЕрк░рлНрке ркП ркЫрлЗ ркХрлЗ ркдрлЗ ркЫрлЗ,",ркерк░рлНркорлЛркбрк╛ркпркирлЗркорк┐ркХрлНрк╕ркирлЛ рккрлНрк░ркерко ркирк┐ркпрко,ркерк░рлНркорлЛркбрк╛ркпркирлЗркорк┐ркХрлНрк╕ркирлЛ ркмрлАркЬрлБркВ ркирк┐ркпрко,ркЧркдрк┐ркирлЛ рккрлНрк░ркерко ркирк┐ркпрко,ркЧркдрк┐ркирлЛ ркмрлАркЬрлБркВ ркирк┐ркпрко,A,,
336,"ркерк░рлНркорлЛркбрк╛ркпркирлЗркорк┐ркХрлНрк╕ рк╕рк┐рк╕рлНркЯркоркорк╛ркВ рк╣рк╛ркЬрк░ ркдркорк╛рко рккрлНрк░ркХрк╛рк░ркирлА рккрк░ркорк╛ркгрлБ ркКрк░рлНркЬрк╛ркирлЛ рк╕рк░рк╡рк╛рк│рлЛ__________ ркХрк╣рлЗрк╡рк╛ркп ркЫрлЗ,",internal energy.,external energy,thermodynamic energy.,molecular energy,A,,
337,"рккрлНрк░ркХрлНрк░рк┐ркпрк╛ ркЬрлЗркорк╛ркВ ркмрлЛркпрк▓ркирлЛ ркирк┐ркпрко рк▓рк╛ркЧрлБ рккркбрлЗ ркЫрлЗ, ____________ркЬрлЗ ркЫрлЗ",рккрк░ркорк╛ркгрлБ рккрлНрк░ркХрлНрк░рк┐ркпрк╛.,ркЗрк╕рлЛркерк░рлНркорк▓ рккрлНрк░ркХрлНрк░рк┐ркпрк╛,ркЭркбрккрлА ркнрк╛ркЧрлА,рк╡рлЛрк▓рлНркпрлБркорлЗркЯрлНрк░рк┐ркХ,B,,
338,ркПркХ ркЙрккркХрк░ркг ркЬрлЗ ркерк░рлНркорк▓ ркЙрк░рлНркЬрк╛ркирк╛ ркнрк╛ркЧркирлЗ ркЙрккркпрлЛркЧрлА ркХрк╛рк░рлНркпркорк╛ркВ рк░рлВрккрк╛ркВркдрк░рк┐ркд ркХрк░рлЗ ркЫрлЗ ркдрлЗркирлЗ _________ркХрк╣рлЗрк╡рк╛ркорк╛ркВ ркЖрк╡рлЗ ркЫрлЗ,ркХркирлНрк╡рк░рлНркЯ ркПркирлНркЬрк┐рки.,рк╕рлМрк░ ркПркирлНркЬрк┐рки,рк╣рлАркЯ ркПркирлНркЬрк┐рки.,ркЙрк╖рлНркорк╛ ркЙрк░рлНркЬрк╛,C,,
339,"ркХрк╛рк░рлНркирлЛркЯ ркПркирлНркЬрк┐ркиркирлА ркХрк╛рк░рлНркпркХрлНрк╖ркоркдрк╛__________рк╡рлНркпркХрлНркд ркХрк░рлА рк╢ркХрк╛ркп ркЫрлЗ,",(T1/T2).,1-(T2/T1),(T1/T2)-1.,(T2/T1)-1,B,,
340,"ркХрлЛркИ рккрк░рлНрккрлЗркЪрлНркпрлБркЕрк▓ ркорлЛрк╢рки ркорк╢рлАрки ркиркерлА ркХрлЗ ркЬрлЗ ркЖрккрлЗрк▓ ркЧрк░ркорлАркирк╛ ркЬркерлНркерк╛ркирлЗ ркХрк╛ркоркорк╛ркВ рк╕ркВрккрлВрк░рлНркгрккркгрлЗ рк░рлВрккрк╛ркВркдрк░рк┐ркд ркХрк░рлА рк╢ркХрлЗ, ркЬрлЗ ркирк┐ркпрко___",ркерк░рлНркорлЛркбрк╛ркпркирлЗркорк┐ркХрлНрк╕ркирлЛ рккрлНрк░ркерко ркирк┐ркпрко,ркерк░рлНркорлЛркбрк╛ркпркирлЗркорк┐ркХрлНрк╕ркирлЛ ркмрлАркЬрлЛ ркирк┐ркпрко,ркЧркдрк┐ркирлЛ рккрлНрк░ркерко ркирк┐ркпрко,ркЧркдрк┐ркирлЛ ркмрлАркЬрлЛ ркирк┐ркпрко,B,,
341,"ркХрлЛркИрккркг рк╕рк┐рк╕рлНркЯркоркирлА ркХрлБрк▓ ркПркирлНркЯрлНрк░рлЛрккрлА рк╡ркдрлНркдрк╛ ркдрлЗркирк╛ рккрк░рлНркпрк╛рк╡рк░ркгркирлА ркХрлЛркИрккркг ркХрлБркжрк░ркдрлА рккрлНрк░ркХрлНрк░рк┐ркпрк╛ркирк╛ рккрк░рк┐ркгрк╛ркорлЗ рк╡ркзрлЗ ркЫрлЗ, ркдрлЗ _______ркЫрлЗ.",ркерк░рлНркорлЛркбрк╛ркпркирлЗркорк┐ркХрлНрк╕ркирлЛ рккрлНрк░ркерко ркирк┐ркпрко,ркерк░рлНркорлЛркбрк╛ркпркирлЗркорк┐ркХрлНрк╕ркирлЛ ркмрлАркЬрлЛ ркирк┐ркпрко,ркЧркдрк┐ркирлЛ рккрлНрк░ркерко ркирк┐ркпрко,ркЧркдрк┐ркирлЛ ркмрлАркЬрлЛ ркирк┐ркпрко,B,,
342,"ркирк┐рк░рккрлЗркХрлНрк╖ ркдрк╛рккркорк╛рки T рккрк░ рк╣рлАркЯ ркЯрлНрк░рк╛ркирлНрк╕рклрк░ тИЖQ ркирлЗ ркХрк╛рк░ркгрлЗ ркПркирлНркЯрлНрк░рлЛрккрлА рклрлЗрк░рклрк╛рк░ тИЖS , тИЖS = ┬▒ _______ ркжрлНрк╡рк╛рк░рк╛ ркЖрккрк╡рк╛ркорк╛ркВ ркЖрк╡рлЗ ркЫрлЗ",тИЖQ/T┬▓.,тИЖQ/T,тИЖQ/2T.,тИЖQ┬▓/T,B,,
343,______ рккрлНрк░ркжрлВрк╖ркг ркП ркерк░рлНркорлЛркбрк╛ркпркирлЗркорк┐ркХрлНрк╕ркирк╛ ркмрлАркЬрк╛ ркирк┐ркпркоркирлБркВ ркЕркирк┐рк╡рк╛рк░рлНркп рккрк░рк┐ркгрк╛рко ркЫрлЗ.,ркорлЗркХрлЗркирк┐ркХ.,рк░рк╛рк╕рк╛ркпркгрк┐ркХ,ркерк░рлНркорк▓,рк╕рлМрк░,C,,
344,ркЬрлНркпрк╛рк░рлЗ рк╕рк┐рк╕рлНркЯркоркорк╛ркВ ркЧрк░ркорлА ркЙркорлЗрк░рк╡рк╛ркорк╛ркВ ркЖрк╡рлЗ ркдрлНркпрк╛рк░рлЗ ркПркирлНркЯрлНрк░рлЛрккрлАркорк╛ркВ рклрлЗрк░рклрк╛рк░ _________ ркерк╛ркп ркЫрлЗ.,рк╣ркХрк╛рк░рк╛ркдрлНркоркХ,ркиркХрк╛рк░рк╛ркдрлНркоркХ,ркХрлБркжрк░ркдрлА,рк╢рлВркирлНркп,A,,
345,ркЬрлНркпрк╛рк░рлЗ рк╕рк┐рк╕рлНркЯркоркорк╛ркВркерлА ркЧрк░ркорлА ркжрлВрк░ ркХрк░рк╡рк╛ркорк╛ркВ ркЖрк╡рлЗ ркдрлНркпрк╛рк░рлЗ ркПркирлНркЯрлНрк░рлЛрккрлАркорк╛ркВ рклрлЗрк░рклрк╛рк░ _______ ркЫрлЗ.,рк╣ркХрк╛рк░рк╛ркдрлНркоркХ,ркиркХрк╛рк░рк╛ркдрлНркоркХ,ркХрлБркжрк░ркдрлА,рк╢рлВркирлНркп,B,,
346,"ркмркзрлА ркХрлБркжрк░ркдрлА рккрлНрк░ркХрлНрк░рк┐ркпрк╛ркУ ркЬрлНркпрк╛ркВ ркЧрк░ркорлА ркПркХ рк╕рк┐рк╕рлНркЯркоркорк╛ркВркерлА ркмрлАркЬрлА рк╕рк┐рк╕рлНркЯркоркорк╛ркВ рк╡рк╣рлЗ ркЫрлЗ, ркдрлНркпрк╛ркВ рк╣ркВркорлЗрк╢рк╛ ркПркирлНркЯрлНрк░рлЛрккрлАркорк╛ркВ ркЪрлЛркЦрлНркЦрлЛ рк╡ркзрк╛рк░рлЛ ркерк╛ркп ркЫрлЗ. ркЖ рк╕ркВркмркВркзрк┐ркд ркирк┐рк╡рлЗркжрки_____________ ркЫрлЗ",ркерк░рлНркорлЛркбрк╛ркпркирлЗркорк┐ркХрлНрк╕ркирлЛ рккрлНрк░ркерко ркирк┐ркпрко,ркерк░рлНркорлЛркбрк╛ркпркирлЗркорк┐ркХрлНрк╕ркирлЛ ркмрлАркЬрлЛ ркирк┐ркпрко,ркЧркдрк┐ркирлЛ рккрлНрк░ркерко ркирк┐ркпрко,ркЧркдрк┐ркирлЛ ркмрлАркЬрлЛ ркирк┐ркпрко,B,,
347,"""ркЙрк╖рлНркорк╛ ркирлАркЪрк╛ ркдрк╛рккркорк╛ркирлЗ рккркжрк╛рк░рлНркеркерлА ркКркВркЪрк╛ ркдрк╛рккркорк╛ркирлЗ рккркжрк╛рк░рлНркеркорк╛ркВ рк╡рк╣рлА рк╢ркХркдрлА ркиркерлА"" - рк╡рк┐ркзрк╛рки ркирлАркЪрлЗркирк╛ркорк╛ркВркерлА ркХркпрлБркВ ркЫрлЗ?",ркерк░рлНркорлЛркбрк╛ркпркирлЗркорк┐ркХрлНрк╕ркирлЛ рккрлНрк░ркерко ркирк┐ркпрко,ркерк░рлНркорлЛркбрк╛ркпркирлЗркорк┐ркХрлНрк╕ркирлЛ ркмрлАркЬрлЛ ркирк┐ркпрко,ркЧркдрк┐ркирлЛ рккрлНрк░ркерко ркирк┐ркпрко,ркЧркдрк┐ркирлЛ ркмрлАркЬрлЛ ркирк┐ркпрко,D,,
348,ркХркпрлБркВ рк╡рк┐ркзрк╛рки ркЦрлЛркЯрлБркВ ркЫрлЗ?,ркХрк╛рк░рлНркирлЛркЯ ркЪркХрлНрк░ ркЙрк▓ркЯрк╛рк╡рлА рк╢ркХрк╛ркп ркдрлЗрк╡рлБркВ ркЫрлЗ.,ркЙрк▓ркЯрк╛рк╡рлА рк╢ркХрк╛ркп ркдрлЗрк╡рлБркВ ркЪркХрлНрк░ ркЙрк▓ркЯрк╛рк╡рлА рк╢ркХрк╛ркп ркдрлЗрк╡рлБркВ ркЪркХрлНрк░ ркХрк░ркдрк╛ркВ рк╡ркзрлБ ркХрк╛рк░рлНркпркХрлНрк╖рко ркЫрлЗ.,ркХрк╛рк░рлНркирлЛркЯ ркЪркХрлНрк░ ркП ркдркорк╛рко ркЪркХрлНрк░рлЛркорк╛ркВ рк╕рлМркерлА рк╡ркзрлБ ркХрк╛рк░рлНркпркХрлНрк╖рко ркЫрлЗ.,ркмркзрк╛ ркЙрк▓ркЯрк╛рк╡рлА рк╢ркХрк╛ркп ркдрлЗрк╡рк╛ ркЪркХрлНрк░ркорк╛ркВ рк╕ркорк╛рки ркХрк╛рк░рлНркпркХрлНрк╖ркоркдрк╛ рк╣рлЛркп ркЫрлЗ.,D,,
349,рк░рлЗрклрлНрк░рк┐ркЬрк░рлЗркЯрк░ркирк╛ рккрлНрк░ркжрк░рлНрк╢ркиркирлЛ ркЧрлБркгрк╛ркВркХ 5 ркЫрлЗ. ркЬрлЛ рк░рлЗрклрлНрк░рк┐ркЬрк░рлЗркЯрк░ркирлА ркЕркВркжрк░ркирлБркВ ркдрк╛рккркорк╛рки -20тБ░ рк╕рлЗ ркЫрлЗ. ркдрлЗ ркЬрлНркпрк╛ркВ ркЧрк░ркорлА ркЫрлЛркбрлЗ ркЫрлЗ ркдрлЗркирлА ркЖрк╕рккрк╛рк╕ркирк╛ ркдрк╛рккркорк╛ркиркирлА ркЧркгркдрк░рлА ркХрк░рлЛ.,11тБ░ C.,21тБ░ C.,31тБ░ C.,41тБ░ C.,C,,
350,ркПркХ ркЖркжрк░рлНрк╢ ркЧрлЗрк╕ ркдрлЗркирк╛ рккрлНрк░рк╛рк░ркВркнрк┐ркХ рк╡рлЛрк▓рлНркпрлБркоркирк╛ ркЕркбркзрк╛ ркнрк╛ркЧ рк╕рлБркзрлА ркШркгрлА рккрлНрк░ркХрлНрк░рк┐ркпрк╛ркУ ркжрлНрк╡рк╛рк░рк╛ рк╕ркВркХрлБркЪрк┐ркд ркерк╛ркп ркЫрлЗ. ркХркИ рккрлНрк░ркХрлНрк░рк┐ркпрк╛ркирк╛ рккрк░рк┐ркгрк╛ркорлЗ ркЧрлЗрк╕ рккрк░ ркорк╣ркдрлНркдрко ркХрк╛рк░рлНркп ркерк╛ркп ркЫрлЗ?,Isothermal.,Isobaric.,Adiabatic.,Isochoric.,C,,
351,ркЧрлЗрк╕ркорк╛ркВ ркПркбрк┐ркмрлЗркЯрк┐ркХ рклрлЗрк░рклрк╛рк░ркорк╛ркВ ркХрк░рк╡рк╛ркорк╛ркВ ркЖрк╡рлЗрк▓рлБркВ ркХрк╛рк░рлНркп рклркХрлНркд __________рккрк░ ркирк┐рк░рлНркнрк░ ркХрк░рлЗ ркЫрлЗ,ркдрк╛рккркорк╛ркиркорк╛ркВ рклрлЗрк░рклрк╛рк░.,ркжркмрк╛ркгркорк╛ркВ рклрлЗрк░рклрк╛рк░.,рк╡рлЛрк▓рлНркпрлБркоркорк╛ркВ рклрлЗрк░рклрк╛рк░.,None of the above.,A,,
352,ркЬрлНркпрк╛рк░рлЗ ркЧрлЗрк╕ ркПркбрк┐ркмрлЗркЯрлАркХ рк░рлАркдрлЗ рк╡рк┐рк╕рлНркдрк░рлЗ ркдрлНркпрк╛рк░рлЗ рк╢рлБркВ ркерк╛ркп ркЫрлЗ?,рк╡рк┐рк╕рлНркдрк░ркг ркорк╛ркЯрлЗ ркКрк░рлНркЬрк╛ркирлА ркЬрк░рлВрк░ ркиркерлА.,ркКрк░рлНркЬрк╛ рк╕ркВрк░ркХрлНрк╖ркгркирлЛ ркХрк╛ркпркжрлЛ рк▓рк╛ркЧрлБ рккркбркдрлЛ ркиркерлА.,ркКрк░рлНркЬрк╛ркирлА ркЬрк░рлВрк░ ркЫрлЗ ркЕркирлЗ ркдрлЗ ркЧрлЗрк╕ркирк╛ ркХркирлНркЯрлЗркирк░ркирлА ркжрк┐рк╡рк╛рк▓ркорк╛ркВркерлА ркЖрк╡рлЗ ркЫрлЗ.,ркЧрлЗрк╕ркирлА ркЖркВркдрк░рк┐ркХ ркЙрк░рлНркЬрк╛ ркХрк╛рко ркХрк░рк╡рк╛ркорк╛ркВ рк╡рккрк░рк╛ркп ркЫрлЗ.,B,,
353,рк╢рлБркВ ркмрлЗ ркЗрк╕рлЛркерк░рлНркорк▓ рк╡ркгрк╛ркВркХрлЛ ркПркХркмрлАркЬрк╛ркирлЗ ркХрк╛рккрлА рк╢ркХрлЗ ркЫрлЗ?,ркХрлНркпрк╛рк░рлЗркп.,рк╣рк╛,"рк╣рк╛, ркЬркЯрк┐рк▓ ркжркмрк╛ркг ркжрк░ркорк┐ркпрк╛рки.",ркЬрлНркпрк╛рк░рлЗ ркдрк╛рккркорк╛рки 0тБ░ C рк╣рлЛркп ркдрлНркпрк╛рк░рлЗ ркдрлЗркУ ркХрк╛рккрлА рк╢ркХрлЗ ркЫрлЗ.,A,,
354,"ркЬрлНркпрк╛рк░рлЗ ркЖркжрк░рлНрк╢ ркорлЛркирлЛркЯрлЛркорк┐ркХ ркЧрлЗрк╕ркирлЗ рк╕ркдркд ркжркмрк╛ркг рккрк░ ркЧрк░рко ркХрк░рк╡рк╛ркорк╛ркВ ркЖрк╡рлЗ ркЫрлЗ, ркдрлНркпрк╛рк░рлЗ ркЧрк░ркорлА ркКрк░рлНркЬрк╛ркирлЛ ркЕрккрлВрк░рлНркгрк╛ркВркХ ркЬрлЗ ркЧрлЗрк╕ркирлА ркЖркВркдрк░рк┐ркХ ркКрк░рлНркЬрк╛ркорк╛ркВ рк╡ркзрк╛рк░рлЛ ркХрк░рлЗ ркЫрлЗ ркдрлЗ ркЫрлЗ -_______",,,,,C,,
355,110 J ркЙрк╖рлНркорк╛ рк╡рк╛ркпрлБ рккрлНрк░ркгрк╛рк▓рлАркорк╛ркВ ркЙркорлЗрк░рк╡рк╛ркорк╛ркВ ркЖрк╡рлЗ ркЫрлЗ ркЬрлЗркирлА ркЖркВркдрк░рк┐ркХ ркЙрк░рлНркЬрк╛ 40 J ркЫрлЗ. ркмрк╛рк╣рлНркп ркХрк╛рк░рлНркпркирлБркВ рккрлНрк░ркорк╛ркг ркХрлЗркЯрк▓рлБркВ ркЫрлЗ?,150J,110J,40J,70J,C,,
356,ркЖркжрк░рлНрк╢ ркЧрлЗрк╕ркирлА ркЖркВркдрк░рк┐ркХ ркЙрк░рлНркЬрк╛ ркЖркирк╛ рккрк░ ркирк┐рк░рлНркнрк░ ркХрк░рлЗ ркЫрлЗ -__________,ркЪрлЛркХрлНркХрк╕ рк╡рлЛрк▓рлНркпрлБрко.,ркШркиркдрк╛.,ркШркиркдрк╛.,ркдрк╛рккркорк╛рки.,D,,
357,ркЬрлНркпрк╛рк░рлЗ 36.5 ркЧрлНрк░рк╛рко HCl ркЕркирлЗ 40 ркЧрлНрк░рк╛рко NaOH ркирк┐рк╖рлНркХрлНрк░рк┐ркпркХрк░ркг ркжрк░ркорк┐ркпрк╛рки рккрлНрк░ркдрк┐ркХрлНрк░рк┐ркпрк╛ ркЖрккрлЗ ркдрлНркпрк╛рк░рлЗ ркЙркдрлНрккркирлНрки ркеркдрлА ркЧрк░ркорлАркирлБркВ ркорлВрк▓рлНркп -,13.7 kcal.,76.5 kcal.,108 kcal.,13.7 kcal ркХрк░ркдрк╛ркВ рк╡ркзрлБ,A,,
358,ркоркзрлНркпркмрк┐ркВркжрлБркерлА ркорк╣ркдрлНркдрко рк╕рлНркерк╛ркирк╛ркВркдрк░ркирлЗ рк╢рлБркВ ркХрк╣рлЗрк╡рк╛ркорк╛ркВ ркЖрк╡рлЗ ркЫрлЗ?,ркдрк░ркВркЧрк▓ркВркмрк╛ркИ,ркЖрк╡рлГркдрлНркдрк┐,ркХркВрккрк╡рк┐рк╕рлНркдрк╛рк░,ркЖрк╡рк░рлНркдркХрк╛рк│,C,,
359,ркЬрлЛ ркХрлЛркИ ркдрк░ркВркЧркирлА ркЖрк╡рлГркдрлНркдрк┐ рлнрлж Hz рк╣рлЛркп ркдрлЛ ркдрлЗркирлЛ ркЖрк╡рк░рлНркдркХрк╛рк│ ркХрлЗркЯрк▓рлЛ рк╣рк╢рлЗ?,рлж.рлжрли рк╕рлЗ,рлж.рлжрлзрлм рк╕рлЗ,0.0рлзрлк рк╕рлЗ,рли рк╕рлЗ,C,,
360,ркзрлНрк╡ркирк┐ркирк╛ ркдрк░ркВркЧрлЛркирлЛ рккрлНрк░ркХрк╛рк░ ркХркпрлЛ ркЫрлЗ?,ркпрк╛ркВркдрлНрк░рк┐ркХ,ркмрк┐рки ркпрк╛ркВркдрлНрк░рк┐ркХ,ркмркВркирлЗ a ркЕркирлЗ b,ркПркХрккркг ркирк╣рк┐,A,,
361,ркЖрк╡рлГркдрлНркдрк┐ркирлЛ ркПркХрко ркХркпрлЛ ркЫрлЗ?,рк╣рк░рлНркЯркЭ,рк╡рлЛркЯ,ркорлАркЯрк░,ркбрлЗрк╕рлАркмрлЗрк▓,A,,
362,рккрлНрк░ркХрк╛рк╢ркирлБркВ ркдрк░ркВркЧ рккркжрк╛рк░рлНркеркирлА ркзрк╛рк░ркирк╛ ркХрк╛рк░ркгрлЗ ркжрк┐рк╢рк╛ ркмркжрк▓рлЗ ркдрлЗркирлЗ рк╢рлБркВ ркХрк╣рлЗ ркЫрлЗ?,рккрк░рк╛рк╡рк░рлНркдрки,рк╡ркХрлНрк░рлАркнрк╡рки,рк╡рк┐рк╡рк░рлНркдрки,рк╢рлЛрк╖ркг,C,,
363,рк╕рлНркирлЗрк▓ркирк╛ ркирк┐ркпрко ркЕркирлБрк╕рк╛рк░ ркЖрккрк╛ркд ркХрлЛркг ркЕркирлЗ рк╡ркХрлНрк░рлАркнрк╡рки ркХрлЛркг ркХркпрк╛ рк╕ркорлАркХрк░ркгркерлА ркЬрлЛркбрк╛ркпрлЗрк▓рк╛ рк╣рлЛркп ркЫрлЗ?,n1/n2 = sin(╞Я2)/sin(╞Я1),n1/n2 = cos(╞Я2)/cos(╞Я1),n1/n2 = cot(╞Я2)/cot(╞Я1),n1/n2 = tan(╞Я2)/tan(╞Я1),A,,
364,ркПркХрко рк╕ркоркпркорк╛ркВ ркеркдрк╛ ркЖркВркжрлЛрк▓ркиркирлА рк╕ркВркЦрлНркпрк╛ркирлЗ рк╢рлБркВ ркХрк╣рлЗрк╡рк╛ркорк╛ркВ ркЖрк╡рлЗ ркЫрлЗ?,ркдрк░ркВркЧрк▓ркВркмрк╛ркИ,ркЖрк╡рлГркдрлНркдрк┐,ркХркВрккрк╡рк┐рк╕рлНркдрк╛рк░,ркЖрк╡рк░рлНркдркХрк╛рк│,B,,
365,ркЬрлЛ ркХрлЛркИ ркдрк░ркВркЧркирлА ркЖрк╡рлГркдрлНркдрк┐ рлмрлж Hz рк╣рлЛркп ркдрлЛ ркдрлЗркирлЛ ркЖрк╡рк░рлНркдркХрк╛рк│ ркХрлЗркЯрк▓рлЛ рк╣рк╢рлЗ?,рлж.рлжрли рк╕рлЗ,рлж.рлжрлзрлм рк╕рлЗ,рлж.рлл рк╕рлЗ,рли рк╕рлЗ,B,,
366,рккрлНрк░ркХрк╛рк╢ркирк╛ ркдрк░ркВркЧрлЛркирлЛ рккрлНрк░ркХрк╛рк░ ркХркпрлЛ ркЫрлЗ?,ркпрк╛ркВркдрлНрк░рк┐ркХ,ркмрк┐рки ркпрк╛ркВркдрлНрк░рк┐ркХ,ркмркВркирлЗ a ркЕркирлЗ b,ркПркХрккркг ркирк╣рк┐,B,,
367,ркдрк░ркВркЧрк▓ркВркмрк╛ркИркирлЛ ркПркХрко ркХркпрлЛ ркЫрлЗ?,рк╣рк░рлНркЯркЭ,рк╡рлЛркЯ,ркорлАркЯрк░,ркбрлЗрк╕рлАркмрлЗрк▓,C,,
368,рккрлНрк░ркХрк╛рк╢ркирлБркВ ркдрк░ркВркЧ ркЪрк│ркХркдрлА рк╕рккрк╛ркЯрлА рккрк░ ркЕркеркбрк╛ркИркирлЗ рк╡рк┐рк░рлБркжрлНркз ркжрк┐рк╢рк╛ркорк╛ркВ ркЧркдрк┐ ркХрк░рлЗ ркдрлЗркирлЗ рк╢рлБркВ ркХрк╣рлЗ ркЫрлЗ?,рккрк░рк╛рк╡рк░рлНркдрки,рк╡ркХрлНрк░рлАркнрк╡рки,рк╡рк┐рк╡рк░рлНркдрки,рк╢рлЛрк╖ркг,A,,
369,ркорк╛ркзрлНркпркоркирк╛ рк╡ркХрлНрк░рлАрк╡ркирк╛ркВркХркирлБркВ рк╕рлБркдрлНрк░ ркХркпрлБркВ ркЫрлЗ?,n = c/v,n = v/c,n = c.v,ркПркХрккркг ркирк╣рк┐.,A,,
370,ркмрлЗ ркХрлНрк░ркорк┐ркХ рк╢рлГркВркЧ рк╡ркЪрлНркЪрлЗркирк╛ ркЕркВркдрк░ркирлЗ рк╢рлБркВ ркХрк╣рлЗрк╡рк╛ркорк╛ркВ ркЖрк╡рлЗ ркЫрлЗ?,ркдрк░ркВркЧрк▓ркВркмрк╛ркИ,ркЖрк╡рлГркдрлНркдрк┐,ркХркВрккрк╡рк┐рк╕рлНркдрк╛рк░,ркЖрк╡рк░рлНркдркХрк╛рк│,A,,
371,ркЬрлЛ ркХрлЛркИ ркдрк░ркВркЧркирлЛ ркЖрк╡рк░рлНркдркХрк╛рк│ рли рк╕рлЗ рк╣рлЛркп ркдрлЛ ркдрлЗркирлА ркЖрк╡рлГркдрлНркдрк┐ ркХрлЗркЯрк▓рлА рк╣рк╢рлЗ?,рлз рк╣рк░рлНркЯркЭ,рлж.рлл рк╣рк░рлНркЯркЭ,рлж.рлк рк╣рк░рлНркЯркЭ,рли рк╣рк░рлНркЯркЭ,B,,
372,ркзрлНрк╡ркирк┐ркирк╛ ркдрк░ркВркЧрлЛркирлЛ рккрлНрк░ркХрк╛рк░ ркХркпрлЛ ркЫрлЗ?,рк▓ркВркмркЧркд ркдрк░ркВркЧрлЛ,рк╕ркВркЧркд ркдрк░ркВркЧрлЛ,ркмркВркирлЗ a ркЕркирлЗ b,ркПркХрккркг ркирк╣рк┐,B,,
373,ркХркВрккрк╡рк┐рк╕рлНркдрк╛рк░ркирлЛ ркПркХрко ркХркпрлЛ ркЫрлЗ?,рк╣рк░рлНркЯркЭ,рк╡рлЛркЯ,ркорлАркЯрк░,ркбрлЗрк╕рлАркмрк▓,C,,
374,рккрлНрк░ркХрк╛рк╢ркирлБркВ ркдрк░ркВркЧ ркПркХ ркорк╛ркзрлНркпркоркорк╛ркВркерлА ркмрлАркЬрк╛ ркорк╛ркзрлНркпркоркорк╛ркВ ркжрк╛ркЦрк▓ ркерк╛ркп ркдрлНркпрк╛рк░рлЗ ркдрлЗркирлА ркжрк┐рк╢рк╛ ркХрлЗрко ркмркжрк▓рлЗ ркЫрлЗ?,рккрк░рк╛рк╡рк░рлНркдрки,рк╡ркХрлНрк░рлАркнрк╡рки,рк╡рк┐рк╡рк░рлНркдрки,рк╢рлЛрк╖ркг,B,,
375,рк╣рк╡рк╛ркирк╛ рк╡ркХрлНрк░рлАрк╡ркирк╛ркВркХркирлБркВ ркорлВрк▓рлНркп ркХрлЗркЯрк▓рлБркВ рк╣рлЛркп ркЫрлЗ?,2,1,1.5,0.5,B,,
376,ркПркХ рккрлВрк░рлНркг ркЖркВркжрлЛрк▓рки ркорк╛ркЯрлЗ рк▓рк╛ркЧркдрк╛ рк╕ркоркпркирлЗ рк╢рлБркВ ркХрк╣рлЗрк╡рк╛ркорк╛ркВ ркЖрк╡рлЗ ркЫрлЗ?,ркдрк░ркВркЧрк▓ркВркмрк╛ркИ,ркЖрк╡рлГркдрлНркдрк┐,ркХркВрккрк╡рк┐рк╕рлНркдрк╛рк░,ркЖрк╡рк░рлНркдркХрк╛рк│,D,,
377,ркЬрлЛ ркХрлЛркИ ркдрк░ркВркЧркирлЛ ркЖрк╡рк░рлНркдркХрк╛рк│ рлз рк╕рлЗ рк╣рлЛркп ркдрлЛ ркдрлЗркирлА ркЖрк╡рлГркдрлНркдрк┐ ркХрлЗркЯрк▓рлА рк╣рк╢рлЗ?,рлз рк╣рк░рлНркЯркЭ,рлж.рлл рк╣рк░рлНркЯркЭ,рлж.рлк рк╣рк░рлНркЯркЭ,рли рк╣рк░рлНркЯркЭ,A,,
378,рккрлНрк░ркХрк╛рк╢ркирк╛ ркдрк░ркВркЧрлЛркирлЛ рккрлНрк░ркХрк╛рк░ ркХркпрлЛ ркЫрлЗ?,рк▓ркВркмркЧркд ркдрк░ркВркЧрлЛ,рк╕ркВркЧркд ркдрк░ркВркЧрлЛ,ркмркВркирлЗ a ркЕркирлЗ b,ркПркХрккркг ркирк╣рк┐,A,,
379,ркЖрк╡рк░рлНркдркХрк╛рк│ркирлЛ ркПркХрко ркХркпрлЛ ркЫрлЗ?,рк╣рк░рлНркЯркЭ,рк╡рлЛркЯ,ркорлАркЯрк░,рк╕рлЗркХркВркб,D,,
380,рк▓рлЗрк╕рк░ ркмрлАрко ркЖрккркгркирлЗ ркХркИ рккрлНрк░ркХрлНрк░рк┐ркпрк╛ ркжрлНрк╡рк╛рк░рк╛ ркорк│рлЗ ркЫрлЗ?,ркЙркдрлНрк╕рк░рлНркЬрки,рк╢рлЛрк╖ркг,ркмркВркирлЗ a ркЕркирлЗ b,ркХрлЛркИрккркг ркирк╣рк┐,B,,
381,ркорк╛ркзрлНркпркоркирк╛ рк╡ркХрлНрк░рлАрк╡ркирк╛ркВркХркирлБркВ ркорлВрк▓рлНркп ркХрлЛркирк╛ ркХрк░ркдрк╛ ркУркЫрлБркВ ркирк╛ рк╣рлЛркИ рк╢ркХрлЗ?,0.5,0.75,1,1.5,C,,
382,рккрлНрк░ркХрк╛рк╢ркирлБ ркдрк░ркВркЧ ркПркХ рккрк╛ркдрк│рк╛ ркорк╛ркзрлНркпрко ркорк╛ркВркерлА ркШркЯрлНркЯ ркорк╛ркзрлНркпркоркорк╛ркВ рккрлНрк░рк╡рлЗрк╢ ркХрк░рлЗ ркЫрлЗ. ркдрлЗ рк▓ркВркм ркдрк░ркл рк╡рк│рк╢рлЗ ркХрлЗ ркдрлЗркирк╛ркерлА ркжрлВрк░ ?,рк▓ркВркм ркдрк░ркл,рк▓ркВркмркерлА ркжрлВрк░,ркмркВркирлЗ ркмрк╛ркЬрлБ,ркХркИ ркХрк╣рлА рк╢ркХрк╛ркп ркирк╣рлАркВ,A,,
383,рккрлНрк░ркХрк╛рк╢ркирлБ ркдрк░ркВркЧ ркПркХ ркорк╛ркзрлНркпрко (n1) ркорк╛ркВркерлА ркмрлАркЬрк╛ ркорк╛ркзрлНркпрко (n2) ркорк╛ркВ рккрлНрк░рк╡рлЗрк╢ ркХрк░рлЗ ркЫрлЗ. ркЬрлЛ ркдрлЗ рк▓ркВркм ркдрк░ркл рк╡рк│рлЗ ркдрлЛ ркоркзрлНркпркоркирлЛ рк╡ркХрлНрк░рлАркнрк╛рк╡ркирк╛ркВркХ..,n1 > n2,n1 < n2,n1 = n2,n1 тЙа n2,D,,
384,ркЕрк▓рлНркЯрлНрк░рк╛рк╕рлЛркирк┐ркХ ркдрк░ркВркЧркирлА ркЖрк╡рлГркдрлНркдрк┐ ркХрлЗркЯрк▓рлА рк╣рлЛркп ркЫрлЗ ?,20 Hz,200 Hz,< 20 KHz,> 20 KHz,D,,
385,ркУрккрлНркЯрк┐ркХрк▓ рклрк╛ркИркмрк░ ркорк╛ркВ ркХрлЛрк░ ркХрк░ркдрк╛ркВ ркХрк▓рлЗркбрк┐ркВркЧ ркирлЛ рк╡ркХрлНрк░рлАркнрк╛рк╡ркирк╛ркВркХ..,рк╡ркзрлБ рк╣рлЛркп ркЫрлЗ,ркУркЫрлЛ рк╣рлЛркп ркЫрлЗ,рк╕рк░ркЦрлЛ рк╣рлЛркп ркЫрлЗ,рк╢рлВркирлНркп рк╣рлЛркп ркЫрлЗ,B,,
386,"ркХрк╛ркЪркорк╛ркВ рккрлНрк░ркХрк╛рк╢ркирлЛ рк╡рлЗркЧ 2 ├Ч 10^8 m/s ркЕркирлЗ рк╣рк╡рк╛ркорк╛ркВ ркдрлЗркирлЛ рк╡рлЗркЧ 3 ├Ч 10^8 m/s ркЫрлЗ, ркдрлЛ ркХрк╛ркЪркирлЛ рк╡ркХрлНрк░рлАркнрк╛рк╡ркирк╛ркВркХ ?",1.5,2.42,1.33,1,C,,
387,ркирлАркЪрлЗркиркорк╛ркВркерлА ркХркпрлБркВ рк╕рлНркирлЗрк▓ ркирк╛ ркирк┐ркпркоркирлБ рк╕рлВркдрлНрк░ ркЫрлЗ ?,╬╝ = sin i / sin r,╬╝ = sin i * sin r,╬╝ = sin i - sin r,╬╝ = sin i + sin r,A,,
388,рккрлНрк░ркХрк╛рк╢ркирлБ ркдрк░ркВркЧ ркПркХ ркШркЯрлНркЯ ркорк╛ркзрлНркпрко ркорк╛ркВркерлА рккрк╛ркдрк│рк╛ ркорк╛ркзрлНркпркоркорк╛ркВ рккрлНрк░рк╡рлЗрк╢ ркХрк░рлЗ ркЫрлЗ. ркдрлЗ рк▓ркВркм ркдрк░ркл рк╡рк│рк╢рлЗ ркХрлЗ ркдрлЗркирк╛ркерлА ркжрлВрк░ ?,рк▓ркВркм ркдрк░ркл,рк▓ркВркмркерлА ркжрлВрк░,ркмркВркирлЗ ркмрк╛ркЬрлБ,ркХркИ ркХрк╣рлА рк╢ркХрк╛ркп ркирк╣рлАркВ,B,,
389,рккрлНрк░ркХрк╛рк╢ркирлБ ркдрк░ркВркЧ ркПркХ ркорк╛ркзрлНркпрко (n1) ркорк╛ркВркерлА ркмрлАркЬрк╛ ркорк╛ркзрлНркпрко (n2) ркорк╛ркВ рккрлНрк░рк╡рлЗрк╢ ркХрк░рлЗ ркЫрлЗ. ркЬрлЛ ркдрлЗ рк▓ркВркмркерлА ркжрлВрк░ рк╡рк│рлЗ ркдрлЛ ркоркзрлНркпркоркирлЛ рк╡ркХрлНрк░рлАркнрк╛рк╡ркирк╛ркВркХ..,n1 > n2,n1 < n2,n1 = n2,n1 тЙа n2,A,,
390,рк╢рлНрк░рк╛рк╡рлНркп ркзрлНрк╡ркирк┐ ркдрк░ркВркЧркирлА ркЖрк╡рлГркдрлНркдрк┐ ркХрлЗркЯрк▓рлА рк╣рлЛркп ркЫрлЗ ?,20 Hz to 20 KHz,200000 Hz,< 20 Hz,> 20 KHz,A,,
391,ркУрккрлНркЯрк┐ркХрк▓ рклрк╛ркИркмрк░ ркорк╛ркВ ркХрк▓рлЗркбрк┐ркВркЧ ркХрк░ркдрк╛ркВ ркХрлЛрк░ркирлЛ рк╡ркХрлНрк░рлАркнрк╛рк╡ркирк╛ркВркХ..,рк╡ркзрлБ рк╣рлЛркп ркЫрлЗ,ркУркЫрлЛ рк╣рлЛркп ркЫрлЗ,рк╕рк░ркЦрлЛ рк╣рлЛркп ркЫрлЗ,рк╢рлВркирлНркп рк╣рлЛркп ркЫрлЗ,A,,
392,"рккрк╛ркгрлАркорк╛ркВ рккрлНрк░ркХрк╛рк╢ркирлЛ рк╡рлЗркЧ 2.25 ├Ч 10^8 m/s ркЕркирлЗ рк╣рк╡рк╛ркорк╛ркВ ркдрлЗркирлЛ рк╡рлЗркЧ 3 ├Ч 10^8 m/s ркЫрлЗ, ркдрлЛ рккрк╛ркгрлАркирлЛ рк╡ркХрлНрк░рлАркнрк╛рк╡ркирк╛ркВркХ ?",1.5,2.42,1.33,1,C,,
393,ркирлАркЪрлЗркирк╛ ркорк╛ркВркерлА рккрлНрк░ркХрк╛рк╢ркирлЛ ркХркпрлЛ рк╕рлНркдрлНрк░рлЛркд ркПркХрк░ркВркЧрлА рккрлНрк░ркХрк╛рк╢ ркЖрккрлЗ ркЫрлЗ ?,ркЯрлЛрк░рлНркЪ,ркЯрлНркпрлБркмрк▓рк╛ркИркЯ,рк▓рлЗрк╕рк░,рк╕рлВрк░рлНркпрккрлНрк░ркХрк╛рк╢,C,,
394,рккрлНрк░ркХрк╛рк╢ркирлБ ркдрк░ркВркЧ ркПркХ ркШркЯрлНркЯ ркорк╛ркзрлНркпрко ркорк╛ркВркерлА рккрк╛ркдрк│рк╛ ркорк╛ркзрлНркпркоркорк╛ркВ рккрлНрк░рк╡рлЗрк╢ ркХрк░рлЗ ркЫрлЗ. ркЬрлЛ ркдрлЗ рк╡ркХрлНрк░рлАркнрк╡рки рккрк╛ркорлНркпрк╛ рк╡рк┐ркирк╛ рккрк╕рк╛рк░ ркерк╛ркп ркдрлЛ ркЖрккркдркХрлЛркгркирлБ ркорлВрк▓рлНркп ркХрлЗркЯрк▓рлБркВ рк╣рк╢рлЗ ?,╬╕ = 90┬░,╬╕ < 90┬░,╬╕ > 90┬░,╬╕ = 0┬░,A,,
395,рккрлНрк░ркХрк╛рк╢ркирлБ ркдрк░ркВркЧ ркПркХ ркорк╛ркзрлНркпрко ркорк╛ркВркерлА ркмрлАркЬрк╛ ркорк╛ркзрлНркпрко ркорк╛ркВ рккрлНрк░рк╡рлЗрк╢ ркХрк░рлЗ ркЫрлЗ. ркЬрлЛ ркЖрккркдркХрлЛркг 90┬░ рк╣рлЛркп ркдрлЛ ркдрлЗ..,рк▓ркВркм ркдрк░ркл рк╡рк│рк╢рлЗ,рк▓ркВркм ркерлА ркжрлВрк░ рк╡рк│рк╢рлЗ,рк╡ркХрлНрк░рлАркнрк╡рки рккрк╛ркорлНркпрк╛ рк╡рк┐ркирк╛ рккрк╕рк╛рк░ ркерк╕рлЗ,ркПркЬ ркорк╛ркзрлНркпркоркорк╛ркВ рккрк░рк╛рк╡рк░рлНркдрки рккрк╛ркорк╢рлЗ,C,,
396,ркЗркирлНрклрлНрк░рк╛рк╕рлЛркирк┐ркХ ркдрк░ркВркЧркирлА ркЖрк╡рлГркдрлНркдрк┐ ркХрлЗркЯрк▓рлА рк╣рлЛркп ркЫрлЗ ?,20 Hz to 20 KHz,200000 Hz,< 20 Hz,> 20 KHz,C,,
397,рк╡ркХрлНрк░рлАркнрк╡ркиркХрлЛркгркирк╛ ркХркпрк╛ ркорлВрк▓рлНркп ркорк╛ркЯрлЗ ркЖрккркдркХрлЛркгркирлЗ ркХрлНрк░рк╛ркВркдрк┐ркХрлЛркг ркХрк╣рлЗрк╡рк╛ркорк╛ркВ ркЖрк╡рлЗ ркЫрлЗ ?,╬╕ = 90┬░,╬╕ = 0┬░,╬╕ = 45┬░,╬╕ = -45┬░,A,,
398,"рк╣рлАрк░рк╛ркорк╛ркВ рккрлНрк░ркХрк╛рк╢ркирлЛ рк╡рлЗркЧ 1.24 ├Ч 10^8 m/s ркЕркирлЗ рк╣рк╡рк╛ркорк╛ркВ ркдрлЗркирлЛ рк╡рлЗркЧ 3 ├Ч 10^8 m/s ркЫрлЗ, ркдрлЛ рк╣рлАрк░рк╛ркирлЛ рк╡ркХрлНрк░рлАркнрк╛рк╡ркирк╛ркВркХ ?",1.5,2.42,1.33,1,B,,
399,LASER ркирлБ рккрлВрк░рлБркВ ркирк╛рко..,Light Amplitude by Simultaneous Error of Radian,Lost Amplitude of Simultaneous Emission of Radiation,Like Average of Similar Errors of Radian,Light Amplification by Stimulated Emission of Radiation,D,,
